<?xml version="1.0" ?>
<stdLib>
  <group identity="nonStandardAAs">
    <fragment code="NSAALKCX" identity="LYSINE NZ-CARBOXYLIC ACID" symbol="KCX" type="l">
      <atom atmCharge="-0.3479" bond12="-1" bond13="-2" bond14="-3" bondAngle="116.6" bondLength="1.335" bondTorsion="180.0" chain="M" identity=" N  " index="1" type="N"  />
      <atom atmCharge="0.2747" bond12="1" bond13="-1" bond14="-2" bondAngle="119.8" bondLength="1.01" bondTorsion="0.0" chain="E" identity=" H  " index="2" type="H"  />
      <atom atmCharge="-0.24" bond12="1" bond13="-1" bond14="-2" bondAngle="121.9" bondLength="1.449" bondTorsion="180.0" chain="M" identity=" CA " index="3" type="CT"  />
      <atom atmCharge="0.1426" bond12="3" bond13="1" bond14="-1" bondAngle="109.5" bondLength="1.09" bondTorsion="300.0" chain="E" identity=" HA " index="4" type="H1"  />
      <atom atmCharge="-0.0094" bond12="3" bond13="1" bond14="-1" bondAngle="111.1" bondLength="1.525" bondTorsion="60.0" chain="3" identity=" CB " index="5" type="CT"  />
      <atom atmCharge="0.0362" bond12="5" bond13="3" bond14="1" bondAngle="109.5" bondLength="1.09" bondTorsion="300.0" chain="E" identity=" HB2" index="6" type="HC"  />
      <atom atmCharge="0.0362" bond12="5" bond13="3" bond14="1" bondAngle="109.5" bondLength="1.09" bondTorsion="60.0" chain="E" identity=" HB3" index="7" type="HC"  />
      <atom atmCharge="0.0187" bond12="5" bond13="3" bond14="1" bondAngle="109.47" bondLength="1.525" bondTorsion="180.0" chain="3" identity=" CG " index="8" type="CT"  />
      <atom atmCharge="0.0103" bond12="8" bond13="5" bond14="3" bondAngle="109.5" bondLength="1.09" bondTorsion="300.0" chain="E" identity=" HG2" index="9" type="HC"  />
      <atom atmCharge="0.0103" bond12="8" bond13="5" bond14="3" bondAngle="109.5" bondLength="1.09" bondTorsion="60.0" chain="E" identity=" HG3" index="10" type="HC"  />
      <atom atmCharge="-0.0479" bond12="8" bond13="5" bond14="3" bondAngle="109.47" bondLength="1.525" bondTorsion="180.0" chain="3" identity=" CD " index="11" type="CT"  />
      <atom atmCharge="0.0621" bond12="11" bond13="8" bond14="5" bondAngle="109.5" bondLength="1.09" bondTorsion="300.0" chain="E" identity=" HD2" index="12" type="HC"  />
      <atom atmCharge="0.0621" bond12="11" bond13="8" bond14="5" bondAngle="109.5" bondLength="1.09" bondTorsion="60.0" chain="E" identity=" HD3" index="13" type="HC"  />
      <atom atmCharge="-0.0143" bond12="11" bond13="8" bond14="5" bondAngle="109.47" bondLength="1.525" bondTorsion="180.0" chain="3" identity=" CE " index="14" type="CT"  />
      <atom atmCharge="0.1135" bond12="14" bond13="11" bond14="8" bondAngle="109.5" bondLength="1.09" bondTorsion="300.0" chain="E" identity=" HE2" index="15" type="HP"  />
      <atom atmCharge="0.1135" bond12="14" bond13="11" bond14="8" bondAngle="109.5" bondLength="1.09" bondTorsion="60.0" chain="E" identity=" HE3" index="16" type="HP"  />
      <atom atmCharge="-0.3854" bond12="14" bond13="11" bond14="8" bondAngle="109.47" bondLength="1.47" bondTorsion="180.0" chain="B" identity=" NZ " index="17" type="N"  />
      <atom atmCharge="0.34" bond12="17" bond13="14" bond14="11" bondAngle="120.00" bondLength="1.01" bondTorsion="0.0" chain="E" identity=" HZ1" index="18" type="H"  />
      <atom atmCharge="0.0" bond12="17" bond13="14" bond14="11" bondAngle="120.00" bondLength="1.34" bondTorsion="180.0" chain="B" identity=" CX " index="19" type="C"  />
      <atom atmCharge="0.0" bond12="19" bond13="17" bond14="14" bondAngle="117.2" bondLength="1.26" bondTorsion="180.0" chain="E" identity=" OX1" index="20" type="O2"  />
      <atom atmCharge="0.0" bond12="19" bond13="17" bond14="14" bondAngle="117.2" bondLength="1.26" bondTorsion="0.0" chain="E" identity=" OX2" index="21" type="O2"  />
      <atom atmCharge="0.7341" bond12="3" bond13="1" bond14="-1" bondAngle="111.1" bondLength="1.522" bondTorsion="180.0" chain="M" identity=" C  " index="22" type="C"  />
      <atom atmCharge="-0.5894" bond12="22" bond13="3" bond14="1" bondAngle="120.5" bondLength="1.229" bondTorsion="0.0" chain="E" identity=" O  " index="23" type="O" bStereo="0" bType="2" />
      <alias alias="N   " original=" N  "/>
      <alias alias="HN  " original=" H  "/>
      <alias alias="H   " original=" H  "/>
      <alias alias="CA  " original=" CA "/>
      <alias alias="HA  " original=" HA "/>
      <alias alias="CB  " original=" CB "/>
      <alias alias="HB2 " original=" HB2"/>
      <alias alias="2HB " original=" HB2"/>
      <alias alias="HB3 " original=" HB3"/>
      <alias alias="3HB " original=" HB3"/>
      <alias alias="CG  " original=" CG "/>
      <alias alias="HG2 " original=" HG2"/>
      <alias alias="2HG " original=" HG2"/>
      <alias alias="HG3 " original=" HG3"/>
      <alias alias="3HG " original=" HG3"/>
      <alias alias="CD  " original=" CD "/>
      <alias alias="HD2 " original=" HD2"/>
      <alias alias="2HD " original=" HD2"/>
      <alias alias="HD3 " original=" HD3"/>
      <alias alias="3HD " original=" HD3"/>
      <alias alias="CE  " original=" CE "/>
      <alias alias="HE2 " original=" HE2"/>
      <alias alias="2HE " original=" HE2"/>
      <alias alias="HE3 " original=" HE3"/>
      <alias alias="3HE " original=" HE3"/>
      <alias alias="NZ  " original=" NZ "/>
      <alias alias="HZ1 " original=" HZ1"/>
      <alias alias="1HZ " original=" HZ1"/>
      <alias alias="HZ2 " original=" HZ2"/>
      <alias alias="2HZ " original=" HZ2"/>
      <alias alias="HZ3 " original=" HZ3"/>
      <alias alias="3HZ " original=" HZ3"/>
      <alias alias="C   " original=" C  "/>
      <alias alias="O1  " original=" O  "/>
      <alias alias="O   " original=" O  "/>
      <improper Atom1="-1" Atom2="3" Atom3="1" Atom4="2"/>
      <feature atoms="17" identity="PCC"/>
      <feature atoms="1" identity="HBD"/>
      <feature atoms="22" identity="HBA"/>
    </fragment>
    <fragment code="NSAALHIN" identity="HISTIDINE NEGATIVE" symbol="HIN" type="l">
      <atom atmCharge="-0.4157" bond12="-1" bond13="-2" bond14="-3" bondAngle="116.6" bondLength="1.335" bondTorsion="180.0" chain="M" identity=" N  " index="1" type="N" bStereo="0" bType="1" />
      <atom atmCharge="0.2719" bond12="1" bond13="-1" bond14="-2" bondAngle="119.8" bondLength="1.01" bondTorsion="0.0" chain="E" identity=" H  " index="2" type="H" bStereo="0" bType="1" />
      <atom atmCharge="0.0188" bond12="1" bond13="-1" bond14="-2" bondAngle="121.9" bondLength="1.449" bondTorsion="180.0" chain="M" identity=" CA " index="3" type="CT" bStereo="0" bType="1" />
      <atom atmCharge="0.0881" bond12="3" bond13="1" bond14="-1" bondAngle="109.5" bondLength="1.09" bondTorsion="300.0" chain="E" identity=" HA " index="4" type="H1" bStereo="0" bType="1"/>
      <atom atmCharge="-0.0462" bond12="3" bond13="1" bond14="-1" bondAngle="111.1" bondLength="1.525" bondTorsion="60.0" chain="3" identity=" CB " index="5" type="CT" bStereo="0" bType="1" />
      <atom atmCharge="0.0402" bond12="5" bond13="3" bond14="1" bondAngle="109.5" bondLength="1.09" bondTorsion="300.0" chain="E" identity=" HB2" index="6" type="HC" bStereo="0" bType="1"/>
      <atom atmCharge="0.0402" bond12="5" bond13="3" bond14="1" bondAngle="109.5" bondLength="1.09" bondTorsion="60.0" chain="E" identity=" HB3" index="7" type="HC" bStereo="0" bType="1" />
      <atom atmCharge="-0.0266" bond12="5" bond13="3" bond14="1" bondAngle="115.0" bondLength="1.51" bondTorsion="180.0" chain="S" identity=" CG " index="8" type="CC" bStereo="0" bType="1" />
      <atom atmCharge="-0.3811" bond12="8" bond13="5" bond14="3" bondAngle="122.0" bondLength="1.39" bondTorsion="180.0" chain="B" identity=" ND1" index="9" type="NA" bStereo="0" bType="1" />
      <atom atmCharge="0.2057" bond12="9" bond13="8" bond14="5" bondAngle="108.0" bondLength="1.32" bondTorsion="180.0" chain="B" identity=" CE1" index="10" type="CR"  bStereo="0" bType="1"/>
      <atom atmCharge="0.1392" bond12="10" bond13="9" bond14="8" bondAngle="120.0" bondLength="1.09" bondTorsion="180.0" chain="E" identity=" HE1" index="11" type="H5" bStereo="0" bType="1" />
      <atom atmCharge="-0.5727" bond12="10" bond13="9" bond14="8" bondAngle="109.0" bondLength="1.31" bondTorsion="0.0" chain="S" identity=" NE2" index="12" type="NB" bStereo="0" bType="2" />
      <atom atmCharge="0.1292" bond12="12" bond13="10" bond14="9" bondAngle="110.0" bondLength="1.36" bondTorsion="0.0" chain="S" identity=" CD2" index="13" type="CV" bStereo="0" bType="1"/>
      <atom atmCharge="0.1147" bond12="13" bond13="12" bond14="10" bondAngle="120.0" bondLength="1.09" bondTorsion="180.0" chain="E" identity=" HD2" index="14" type="H4" bStereo="0" bType="1"/>
      <atom atmCharge="0.5973" bond12="3" bond13="1" bond14="-1" bondAngle="111.1" bondLength="1.522" bondTorsion="180.0" chain="M" identity=" C  " index="15" type="C" bStereo="0" bType="1" />
      <atom atmCharge="-0.5679" bond12="15" bond13="3" bond14="1" bondAngle="120.5" bondLength="1.229" bondTorsion="0.0" chain="E" identity=" O  " index="16" type="O" bStereo="0" bType="2" />
      <alias alias="N   " original=" N  "/>
      <alias alias="HN  " original=" H  "/>
      <alias alias="H   " original=" H  "/>
      <alias alias="CA  " original=" CA "/>
      <alias alias="HA  " original=" HA "/>
      <alias alias="CB  " original=" CB "/>
      <alias alias="HB2 " original=" HB2"/>
      <alias alias="2HB " original=" HB2"/>
      <alias alias="HB3 " original=" HB3"/>
      <alias alias="3HB " original=" HB3"/>
      <alias alias="CG  " original=" CG "/>
      <alias alias="ND1 " original=" ND1"/>
      <alias alias="1HD " original=" HD1"/>
      <alias alias="HD1 " original=" HD1"/>
      <alias alias="CE1 " original=" CE1"/>
      <alias alias="HE1 " original=" HE1"/>
      <alias alias="1HE " original=" HE1"/>
      <alias alias="NE2 " original=" NE2"/>
      <alias alias="CD2 " original=" CD2"/>
      <alias alias="HD2 " original=" HD2"/>
      <alias alias="C   " original=" C  "/>
      <alias alias="O1  " original=" O  "/>
      <alias alias="O   " original=" O  "/>
      <loop Atom1="8" Atom2="13" bStereo="0" bType="2"/>
      <improper Atom1="-1" Atom2="3" Atom3="1" Atom4="2"/>
      <improper Atom1="8" Atom2="11" Atom3="9" Atom4="10"/>
      <improper Atom1="8" Atom2="13" Atom3="14" Atom4="15"/>
      <improper Atom1="9" Atom2="13" Atom3="11" Atom4="12"/>
      <ring aromatic="1" atoms="8 9 10 12 13" hetero="1" nHetero="2" nNitrogen="2" nOxygen="0" nSulfur="0" planar="1" size="5"/>
      <feature atoms="8 9 11 13 14" identity="PIC"/>
      <feature atoms="9" identity="HBD"/>
      <feature atoms="13" identity="HBA"/>
      <feature atoms="1" identity="HBD"/>
      <feature atoms="17" identity="HBA"/>
    </fragment>

 <fragment identity="SEP" symbol="SEP" type="m" code="P2XMLSEP" >
   <atom bondLength="1.54" bondAngle="111.208" atmCharge="-0.98295" bond12="-1" bTop="2" bond13="-2" bondTorsion="180" kind="2" bType="1" bond14="-3" identity=" O1P" type="O2" index="1" chain="M" bKind="0" />
   <atom bondLength="1.578" bondAngle="60.136" atmCharge="1.38709" bond12="1" bTop="2" bond13="-1" bondTorsion="140.484" kind="3" bType="1" bond14="-2" identity=" P  " type="P" index="2" chain="M" bKind="0" />
   <atom bondLength="1.579" bondAngle="106.448" atmCharge="-0.98295" bond12="2" bTop="2" bond13="1" bondTorsion="-165.711" kind="2" bType="1" bond14="-1" identity=" O2P" type="O2" index="3" chain="E" bKind="0" />
   <atom bondLength="1.577" bondAngle="111.685" atmCharge="-0.98295" bond12="2" bTop="2" bond13="1" bondTorsion="71.275" kind="2" bType="1" bond14="-1" identity=" O3P" type="O2" index="4" chain="E" bKind="0" />
   <atom bondLength="1.643" bondAngle="111.606" atmCharge="-0.43034" bond12="2" bTop="2" bond13="1" bondTorsion="-46.169" kind="3" bType="1" bond14="-1" identity=" OG " type="OS" index="5" chain="M" bKind="0" />
   <atom bondLength="1.43" bondAngle="115.569" atmCharge="0.2538" bond12="5" bTop="2" bond13="2" bondTorsion="40.646" kind="3" bType="1" bond14="1" identity=" CB " type="CT" index="6" chain="M" bKind="0" />
   <atom bondLength="1.088" bondAngle="111.197" atmCharge="0.04323" bond12="6" bTop="2" bond13="5" bondTorsion="-39.253" kind="1" bType="1" bond14="2" identity="HB2 " type="H1" index="7" chain="E" bKind="0" />
   <atom bondLength="1.089" bondAngle="107.711" atmCharge="0.04323" bond12="6" bTop="2" bond13="5" bondTorsion="-156.441" kind="1" bType="1" bond14="2" identity="HB3 " type="H1" index="8" chain="E" bKind="0" />
   <atom bondLength="1.539" bondAngle="113.221" atmCharge="-0.2787" bond12="6" bTop="2" bond13="5" bondTorsion="85.01" kind="3" bType="1" bond14="2" identity=" CA " type="CT" index="9" chain="M" bKind="0" />
   <atom bondLength="1.46" bondAngle="109.66" atmCharge="-0.5163" bond12="9" bTop="2" bond13="6" bondTorsion="179.168" kind="2" bType="1" bond14="5" identity=" N  " type="N" index="10" chain="S" bKind="0" />
   <atom bondLength="1.014" bondAngle="118.261" atmCharge="0.2936" bond12="10" bTop="2" bond13="9" bondTorsion="-4.991" kind="1" bType="1" bond14="6" identity=" H  " type="H" index="11" chain="E" bKind="1" />
   <atom bondLength="1.088" bondAngle="108.25" atmCharge="0.19855" bond12="9" bTop="2" bond13="6" bondTorsion="-63.321" kind="1" bType="1" bond14="5" identity=" HA " type="H1" index="12" chain="E" bKind="0" />
   <atom bondLength="1.541" bondAngle="110.698" atmCharge="0.5366" bond12="9" bTop="2" bond13="6" bondTorsion="54.525" kind="3" bType="1" bond14="5" identity=" C  " type="C" index="13" chain="M" bKind="0" />
   <atom bondLength="1.237" bondAngle="121.047" atmCharge="-0.5819" bond12="13" bTop="2" bond13="9" bondTorsion="100.456" kind="2" bType="1" bond14="6" identity=" O  " type="O" index="14" chain="M" bKind="0" />
   <alias original=" N  " alias=" N1 " />
   <alias original=" H  " alias=" H1 " />
   <alias original=" P  " alias=" P1 " />
   <alias original=" C  " alias=" C1 " />
   <alias original=" O  " alias=" O1 " />
   <alias original="HB2 " alias="2HB " />
   <alias original="HB3 " alias="3HB " />
   <improper Atom1="p1" Atom2="9" Atom3="10" Atom4="11" />
   <feature identity="HPB" atoms="6 5 7 8 " />
   <feature identity="HPB" atoms="11 10 " />
   <funcGroup group="2PtLinkers" fragment="ETR" atoms="5 " />
   <funcGroup group="2PtLinkers" fragment="LYH" atoms="6 7 8 " />
   <funcGroup group="3PtLinkers" fragment="PHI" atoms="2 " />
   <funcGroup group="4PtLinkers" fragment="BUT" atoms="6 " />
   <funcGroup group="4PtLinkers" fragment="BUT" atoms="13 " />
   <connectionPoints atoms="" />
  </fragment>

  <fragment identity="TPO" symbol="TPO" type="m" code="P2XMLTPO" >
   <atom bondLength="1.54" bondAngle="111.208" atmCharge="-0.40681" bond12="-1" bTop="2" bond13="-2" bondTorsion="180" kind="2" bType="1" bond14="-3" identity=" CG2" type="CT" index="1" chain="M" bKind="0" />
   <atom bondLength="1.086" bondAngle="52.239" atmCharge="0.07166" bond12="1" bTop="2" bond13="-1" bondTorsion="174.117" kind="1" bType="1" bond14="-2" identity="HG21" type="HC" index="2" chain="E" bKind="0" />
   <atom bondLength="1.089" bondAngle="92.947" atmCharge="0.07166" bond12="1" bTop="2" bond13="-1" bondTorsion="-73.715" kind="1" bType="1" bond14="-2" identity="HG22" type="HC" index="3" chain="E" bKind="0" />
   <atom bondLength="1.089" bondAngle="155.583" atmCharge="0.07166" bond12="1" bTop="2" bond13="-1" bondTorsion="130.587" kind="1" bType="1" bond14="-2" identity="HG23" type="HC" index="4" chain="E" bKind="0" />
   <atom bondLength="1.52" bondAngle="69.792" atmCharge="0.62386" bond12="1" bTop="2" bond13="-1" bondTorsion="36.332" kind="3" bType="1" bond14="-2" identity=" CB " type="CT" index="5" chain="M" bKind="0" />
   <atom bondLength="1.09" bondAngle="107.508" atmCharge="0.00999" bond12="5" bTop="2" bond13="1" bondTorsion="-37.903" kind="1" bType="1" bond14="-1" identity=" HB " type="H1" index="6" chain="E" bKind="0" />
   <atom bondLength="1.388" bondAngle="109.782" atmCharge="-0.54523" bond12="5" bTop="2" bond13="1" bondTorsion="78.101" kind="3" bType="1" bond14="-1" identity=" OG1" type="OS" index="7" chain="E" bKind="0" />
   <atom bondLength="1.547" bondAngle="114.27" atmCharge="-0.31351" bond12="5" bTop="2" bond13="1" bondTorsion="-158.568" kind="3" bType="1" bond14="-1" identity=" CA " type="CT" index="8" chain="M" bKind="0" />
   <atom bondLength="1.486" bondAngle="113.662" atmCharge="-0.5163" bond12="8" bTop="2" bond13="5" bondTorsion="-165.424" kind="2" bType="1" bond14="1" identity=" N  " type="N" index="9" chain="S" bKind="0" />
   <atom bondLength="1.015" bondAngle="118.356" atmCharge="0.2936" bond12="9" bTop="2" bond13="8" bondTorsion="-6.133" kind="1" bType="1" bond14="5" identity=" H  " type="H" index="10" chain="E" bKind="1" />
   <atom bondLength="1.091" bondAngle="105.76" atmCharge="0.21577" bond12="8" bTop="2" bond13="5" bondTorsion="-49.815" kind="1" bType="1" bond14="1" identity=" HA " type="H1" index="11" chain="E" bKind="0" />
   <atom bondLength="1.513" bondAngle="110.442" atmCharge="0.5366" bond12="8" bTop="2" bond13="5" bondTorsion="65.914" kind="3" bType="1" bond14="1" identity=" C  " type="C" index="12" chain="M" bKind="0" />
   <atom bondLength="1.239" bondAngle="121.218" atmCharge="-0.5819" bond12="12" bTop="2" bond13="8" bondTorsion="80.74" kind="2" bType="1" bond14="5" identity=" O  " type="O" index="13" chain="M" bKind="0" />
   <atom bondLength="1.492" bondAngle="123.14" atmCharge="1.36607" bond12="7" bTop="2" bond13="5" bondTorsion="-123.21" kind="3" bType="1" bond14="1" identity=" P  " type="P" index="14" chain="M" bKind="0" />
   <atom bondLength="1.54" bondAngle="102.36" atmCharge="-0.96571" bond12="14" bTop="2" bond13="7" bondTorsion="-171.56" kind="2" bType="1" bond14="5" identity=" O1P" type="O2" index="15" chain="M" bKind="0" />
   <atom bondLength="1.502" bondAngle="104.76" atmCharge="-0.96571" bond12="14" bTop="2" bond13="7" bondTorsion="-54.82" kind="2" bType="1" bond14="5" identity=" O2P" type="O2" index="16" chain="E" bKind="0" />
   <atom bondLength="1.525" bondAngle="108.51" atmCharge="-0.96571" bond12="14" bTop="2" bond13="7" bondTorsion="65.59" kind="2" bType="1" bond14="5" identity=" O3P" type="O2" index="17" chain="E" bKind="0" />
   <alias original=" N  " alias=" N1 " />
   <alias original=" H  " alias=" H1 " />
   <alias original=" P  " alias=" P1 " />
   <alias original=" C  " alias=" C1 " />
   <alias original=" O  " alias=" O1 " />
   <alias original="HG21" alias="1HG2" />
   <alias original="HG22" alias="2HG2" />
   <alias original="HG23" alias="3HG2" />
   <improper Atom1="p1" Atom2="8" Atom3="9" Atom4="10" />
   <feature identity="HPB" atoms="2 1 3 4 5 7 " />
   <feature identity="HPB" atoms="10 9 " />
   <funcGroup group="terminal" fragment="CH3" atoms="1 2 3 4 " />
   <funcGroup group="2PtLinkers" fragment="ETR" atoms="7 " />
   <funcGroup group="3PtLinkers" fragment="ROP" atoms="5 6 " />
   <funcGroup group="3PtLinkers" fragment="PHI" atoms="14 " />
   <funcGroup group="4PtLinkers" fragment="BUT" atoms="5 " />
   <funcGroup group="4PtLinkers" fragment="BUT" atoms="12 " />
   <connectionPoints atoms="" />
  </fragment>

    <fragment identity="BON" symbol="BON" type="m" code="P2XMLBON" >
   <atom bondLength="1.54" bondAngle="111.208" atmCharge="-0.5667" bond12="-1" bTop="2" bond13="-2" bondTorsion="180" kind="2" bType="1" bond14="-3" identity="O1  " type="o" index="1" chain="M" bKind="0" />
   <atom bondLength="1.257" bondAngle="79.412" atmCharge="0.8933" bond12="1" bTop="2" bond13="-1" bondTorsion="-32.777" kind="3" bType="2" bond14="-2" identity="C7  " type="c" index="2" chain="M" bKind="0" />
   <atom bondLength="1.247" bondAngle="118.557" atmCharge="-0.5616" bond12="2" bTop="2" bond13="1" bondTorsion="108.603" kind="2" bType="1" bond14="-1" identity="O2  " type="o" index="3" chain="E" bKind="0" />
   <atom bondLength="1.424" bondAngle="119.438" atmCharge="-0.2488" bond12="2" bTop="2" bond13="1" bondTorsion="-70.022" kind="5" bType="1" bond14="-1" identity="C1  " type="ca" index="4" chain="M" bKind="0" />
   <atom bondLength="1.418" bondAngle="121.676" atmCharge="0.1859" bond12="4" bTop="1" bond13="2" bondTorsion="1.431" kind="5" bType="2" bond14="1" identity="C2  " type="ca" index="5" chain="M" bKind="0" />
   <atom bondLength="1.405" bondAngle="121.518" atmCharge="-1.0412" bond12="5" bTop="2" bond13="4" bondTorsion="-1.339" kind="2" bType="2" bond14="2" identity="N1  " type="n4" index="6" chain="3" bKind="0" />
   <atom bondLength="1.024" bondAngle="110.74" atmCharge="0.4107" bond12="6" bTop="2" bond13="5" bondTorsion="111.311" kind="1" bType="1" bond14="4" identity="H1  " type="hn" index="7" chain="E" bKind="1" />
   <atom bondLength="1.035" bondAngle="104.69" atmCharge="0.441" bond12="6" bTop="2" bond13="5" bondTorsion="-2.548" kind="1" bType="1" bond14="4" identity="H2  " type="hn" index="8" chain="E" bKind="1" />
   <atom bondLength="1.003" bondAngle="111.97" atmCharge="0.4056" bond12="6" bTop="2" bond13="5" bondTorsion="-122.572" kind="1" bType="1" bond14="4" identity="H3  " type="hn" index="9" chain="E" bKind="1" />
   <atom bondLength="1.406" bondAngle="120.43" atmCharge="-0.2003" bond12="5" bTop="1" bond13="4" bondTorsion="178.304" kind="5" bType="1" bond14="2" identity="C3  " type="ca" index="10" chain="M" bKind="0" />
   <atom bondLength="1.081" bondAngle="120.238" atmCharge="0.1378" bond12="10" bTop="2" bond13="5" bondTorsion="-178.78" kind="1" bType="1" bond14="4" identity="H4  " type="ha" index="11" chain="E" bKind="0" />
   <atom bondLength="1.405" bondAngle="120.35" atmCharge="-0.064" bond12="10" bTop="1" bond13="5" bondTorsion="1.059" kind="5" bType="2" bond14="4" identity="C4  " type="ca" index="12" chain="M" bKind="0" />
   <atom bondLength="1.081" bondAngle="120.241" atmCharge="0.1371" bond12="12" bTop="2" bond13="10" bondTorsion="179.694" kind="1" bType="1" bond14="5" identity="H5  " type="ha" index="13" chain="E" bKind="0" />
   <atom bondLength="1.405" bondAngle="119.756" atmCharge="-0.1804" bond12="12" bTop="1" bond13="10" bondTorsion="-0.262" kind="5" bType="1" bond14="5" identity="C5  " type="ca" index="14" chain="M" bKind="0" />
   <atom bondLength="1.083" bondAngle="120.031" atmCharge="0.1419" bond12="14" bTop="2" bond13="12" bondTorsion="179.599" kind="1" bType="1" bond14="10" identity="H6  " type="ha" index="15" chain="E" bKind="0" />
   <atom bondLength="1.406" bondAngle="120.124" atmCharge="-0.04" bond12="14" bTop="1" bond13="12" bondTorsion="-0.644" kind="5" bType="2" bond14="10" identity="C6  " type="ca" index="16" chain="M" bKind="0" />
   <atom bondLength="1.083" bondAngle="119.341" atmCharge="0.1497" bond12="16" bTop="2" bond13="14" bondTorsion="-179.378" kind="1" bType="1" bond14="12" identity="H7  " type="ha" index="17" chain="E" bKind="0" />
   <loop Atom1="16" Atom2="4" bType="1" bStereo="0" />
   <improper Atom1="4" Atom2="1" Atom3="2" Atom4="3" />
   <improper Atom1="2" Atom2="16" Atom3="4" Atom4="5" />
   <improper Atom1="10" Atom2="4" Atom3="5" Atom4="6" />
   <improper Atom1="12" Atom2="5" Atom3="10" Atom4="11" />
   <improper Atom1="10" Atom2="14" Atom3="12" Atom4="13" />
   <improper Atom1="12" Atom2="16" Atom3="14" Atom4="15" />
   <improper Atom1="14" Atom2="4" Atom3="16" Atom4="17" />
   <ring nOxygen="0" size="6" planar="1" aromatic="0" nHetero="0" nNitrogen="0" hetero="0" atoms="4 5 10 12 14 16 " nSulfur="0" />
   <feature identity="HPB" atoms="16 4 11 10 12 13 14 15 17 " />
   <funcGroup group="terminal" fragment="CAR" atoms="2 1 3 " />
   <funcGroup group="terminal" fragment="NH3" atoms="6 7 8 9 " />
   <funcGroup group="2PtLinkers" fragment="KET" atoms="2 1 " />
   <funcGroup group="4PtLinkers" fragment="BUT" atoms="2 " />
   <connectionPoints atoms="" />
  </fragment>
  <fragment code="AA94LCME" identity="S,S-(2-HYDROXYETHYL)THIOCYSTEINE" symbol="CME" character="C" type="l">
      <atom atmCharge="-0.4157" bond12="-1" bond13="-2" bond14="-3" bondAngle="116.6" bondLength="1.335" bondTorsion="180.0" chain="M" identity=" N  " index="1" type="N" />
      <atom atmCharge="0.2719" bond12="1" bond13="-1" bond14="-2" bondAngle="119.8" bondLength="1.01" bondTorsion="0.0" chain="E" identity=" H  " index="2" type="H" />
      <atom atmCharge="0.0213" bond12="1" bond13="-1" bond14="-2" bondAngle="121.9" bondLength="1.449" bondTorsion="180.0" chain="M" identity=" CA " index="3" type="CT" />
      <atom atmCharge="0.1124" bond12="3" bond13="1" bond14="-1" bondAngle="109.5" bondLength="1.09" bondTorsion="300.0" chain="E" identity=" HA " index="4" type="H1" />
      <atom atmCharge="-0.1231" bond12="3" bond13="1" bond14="-1" bondAngle="111.1" bondLength="1.525" bondTorsion="60.0" chain="3" identity=" CB " index="5" type="CT" />
      <atom atmCharge="0.1112" bond12="5" bond13="3" bond14="1" bondAngle="109.5" bondLength="1.09" bondTorsion="300.0" chain="E" identity=" HB2" index="6" type="H1" />
      <atom atmCharge="0.1112" bond12="5" bond13="3" bond14="1" bondAngle="109.5" bondLength="1.09" bondTorsion="60.0" chain="E" identity=" HB3" index="7" type="H1" />
      <atom atmCharge="-0.3119" bond12="5" bond13="3" bond14="1" bondAngle="116.0" bondLength="1.81" bondTorsion="180.0" chain="S" identity=" SG " index="8" type="S" />
      <atom atmCharge="-0.3119" bond12="8" bond13="5" bond14="3" bondAngle="116.0" bondLength="1.81" bondTorsion="180.0" chain="S" identity=" SD " index="9" type="S" />
      <atom atmCharge="-0.1231" bond12="9" bond13="8" bond14="5" bondAngle="111.1" bondLength="1.525" bondTorsion="60.0" chain="3" identity=" CE " index="10" type="CT" />
      <atom atmCharge="0.1135" bond12="10" bond13="9" bond14="8" bondAngle="109.5" bondLength="1.09" bondTorsion="300.0" chain="E" identity=" HE2" index="11" type="HP"  />
      <atom atmCharge="0.1135" bond12="10" bond13="9" bond14="8" bondAngle="109.5" bondLength="1.09" bondTorsion="60.0" chain="E" identity=" HE3" index="12" type="HP"  />
      <atom atmCharge="-0.1231" bond12="10" bond13="9" bond14="8" bondAngle="111.1" bondLength="1.525" bondTorsion="60.0" chain="3" identity=" CZ " index="13" type="CT" />
      <atom atmCharge="0.34" bond12="13" bond13="10" bond14="9" bondAngle="109.47" bondLength="1.01" bondTorsion="60.0" chain="E" identity=" HZ1" index="14" type="H"  />
      <atom atmCharge="0.34" bond12="13" bond13="10" bond14="9" bondAngle="109.47" bondLength="1.01" bondTorsion="180.0" chain="E" identity=" HZ2" index="15" type="H"  />
      <atom atmCharge="0.1933" bond12="13" bond13="10" bond14="9" bondAngle="96.0" bondLength="1.33" bondTorsion="180.0" chain="E" identity=" OH " index="16" type="OH" />
      <atom atmCharge="0.3992" bond12="16" bond13="13" bond14="10" bondAngle="113.0" bondLength="0.96" bondTorsion="0.0" chain="E" identity=" HH " index="17" type="HO"  />
      <atom atmCharge="0.5973" bond12="3" bond13="1" bond14="-1" bondAngle="111.1" bondLength="1.522" bondTorsion="180.0" chain="M" identity=" C  " index="18" type="C" />
      <atom atmCharge="-0.5679" bond12="10" bond13="3" bond14="1" bondAngle="120.5" bondLength="1.229" bondTorsion="0.0" chain="E" identity=" O  " index="19" type="O" bStereo="0" bType="2" />
      <alias alias="HG  " original=" HG "/>
      <alias alias=" N1 " original=" N  "/>
      <alias alias=" H1 " original=" H  "/>
      <alias alias=" C1 " original=" C  "/>
      <alias alias=" O1 " original=" O  "/>
      <alias alias="N   " original=" N  "/>
      <alias alias="H   " original=" H  "/>
      <alias alias="HN  " original=" H  "/>
      <alias alias=" HN " original=" H  "/>
      <alias alias="CA  " original=" CA "/>
      <alias alias="HA  " original=" HA "/>
      <alias alias="CB  " original=" CB "/>
      <alias alias="HB2 " original=" HB2"/>
      <alias alias="2HB " original=" HB2"/>
      <alias alias="HB3 " original=" HB3"/>
      <alias alias="3HB " original=" HB3"/>
      <alias alias="SG  " original=" SG "/>
      <alias alias="HG  " original=" HG "/>
      <alias alias=" HSG" original=" HG "/>
      <alias alias="C   " original=" C  "/>
      <alias alias="O1  " original=" O  "/>
      <alias alias="O   " original=" O  "/>
      <improper Atom1="-1" Atom2="3" Atom3="1" Atom4="2"/>
      <improper Atom1="3" Atom2="-4" Atom3="18" Atom4="19"/>
    </fragment>
  <fragment code="AA94LCCS" identity="CARBOXYMETHYLATED CYSTEINE" symbol="CCS" character="C" type="l">
      <atom atmCharge="-0.4157" bond12="-1" bond13="-2" bond14="-3" bondAngle="116.6" bondLength="1.335" bondTorsion="180.0" chain="M" identity=" N  " index="1" type="N" />
      <atom atmCharge="0.2719" bond12="1" bond13="-1" bond14="-2" bondAngle="119.8" bondLength="1.01" bondTorsion="0.0" chain="E" identity=" H  " index="2" type="H" />
      <atom atmCharge="0.0213" bond12="1" bond13="-1" bond14="-2" bondAngle="121.9" bondLength="1.449" bondTorsion="180.0" chain="M" identity=" CA " index="3" type="CT" />
      <atom atmCharge="0.1124" bond12="3" bond13="1" bond14="-1" bondAngle="109.5" bondLength="1.09" bondTorsion="300.0" chain="E" identity=" HA " index="4" type="H1" />
      <atom atmCharge="-0.1231" bond12="3" bond13="1" bond14="-1" bondAngle="111.1" bondLength="1.525" bondTorsion="60.0" chain="3" identity=" CB " index="5" type="CT" />
      <atom atmCharge="0.1112" bond12="5" bond13="3" bond14="1" bondAngle="109.5" bondLength="1.09" bondTorsion="300.0" chain="E" identity=" HB2" index="6" type="H1" />
      <atom atmCharge="0.1112" bond12="5" bond13="3" bond14="1" bondAngle="109.5" bondLength="1.09" bondTorsion="60.0" chain="E" identity=" HB3" index="7" type="H1" />
      <atom atmCharge="-0.3119" bond12="5" bond13="3" bond14="1" bondAngle="116.0" bondLength="1.81" bondTorsion="180.0" chain="S" identity=" SG " index="8" type="S" />
      <atom atmCharge="-0.0303" bond12="8" bond13="5" bond14="3" bondAngle="111.1" bondLength="1.525" bondTorsion="60.0" chain="3" identity=" CD " index="9" type="CT"  />
      <atom atmCharge="-0.0122" bond12="9" bond13="8" bond14="5" bondAngle="109.5" bondLength="1.09" bondTorsion="300.0" chain="E" identity=" HD2" index="10" type="HC"  />
      <atom atmCharge="-0.0122" bond12="9" bond13="8" bond14="5" bondAngle="109.5" bondLength="1.09" bondTorsion="60.0" chain="E" identity=" HD3" index="11" type="HC"  />
      <atom atmCharge="0.7994" bond12="9" bond13="8" bond14="5" bondAngle="109.47" bondLength="1.527" bondTorsion="180.0" chain="B" identity=" CE " index="12" type="C"  />
      <atom atmCharge="-0.8014" bond12="12" bond13="9" bond14="8" bondAngle="117.2" bondLength="1.26" bondTorsion="90.0" chain="E" identity=" OE1" index="13" type="O2" bStereo="0" bType="5" />
      <atom atmCharge="-0.8014" bond12="12" bond13="9" bond14="8" bondAngle="117.2" bondLength="1.26" bondTorsion="270.0" chain="E" identity=" OE2" index="14" type="O2" bStereo="0" bType="5" />
      <atom atmCharge="0.5973" bond12="3" bond13="1" bond14="-1" bondAngle="111.1" bondLength="1.522" bondTorsion="180.0" chain="M" identity=" C  " index="15" type="C" />
      <atom atmCharge="-0.5679" bond12="15" bond13="3" bond14="1" bondAngle="120.5" bondLength="1.229" bondTorsion="0.0" chain="E" identity=" O  " index="16" type="O" bStereo="0" bType="2" />
      <alias alias="HG  " original=" HG "/>
      <alias alias=" N1 " original=" N  "/>
      <alias alias=" H1 " original=" H  "/>
      <alias alias=" C1 " original=" C  "/>
      <alias alias=" O1 " original=" O  "/>
      <alias alias="N   " original=" N  "/>
      <alias alias="H   " original=" H  "/>
      <alias alias="HN  " original=" H  "/>
      <alias alias=" HN " original=" H  "/>
      <alias alias="CA  " original=" CA "/>
      <alias alias="HA  " original=" HA "/>
      <alias alias="CB  " original=" CB "/>
      <alias alias="HB2 " original=" HB2"/>
      <alias alias="2HB " original=" HB2"/>
      <alias alias="HB3 " original=" HB3"/>
      <alias alias="3HB " original=" HB3"/>
      <alias alias="SG  " original=" SG "/>
      <alias alias="HG  " original=" HG "/>
      <alias alias=" HSG" original=" HG "/>
      <alias alias="C   " original=" C  "/>
      <alias alias="O1  " original=" O  "/>
      <alias alias="O   " original=" O  "/>
      <improper Atom1="-1" Atom2="3" Atom3="1" Atom4="2"/>
      <improper Atom1="3" Atom2="-4" Atom3="15" Atom4="16"/>
    </fragment>
  </group>
</stdLib>
