<?xml version="1.0" ?>
<parms name="metals2">
    <types>
        <entry name="BE" mass="9.01" vdwRadius="0.956" potentialWellDepth="3.95e-06" atomPolarizability="0" element="Be" hybridization="sp3" groupName="metals2" description="P. Li, B. P. Roberts, D. K. Chakravorty, K. M. Merz, Jr, J. Chem. Theory Comput. 2013, 9, 2733−2748" />
        <entry name="CU" mass="63.55" vdwRadius="1.218" potentialWellDepth="0.00148497" atomPolarizability="0" element="Cu" hybridization="sp3" groupName="metals2" description="P. Li, B. P. Roberts, D. K. Chakravorty, K. M. Merz, Jr, J. Chem. Theory Comput. 2013, 9, 2733−2748" />
        <entry name="NI" mass="58.69" vdwRadius="1.255" potentialWellDepth="0.0026232" atomPolarizability="0" element="Ni" hybridization="sp3" groupName="metals2" description="P. Li, B. P. Roberts, D. K. Chakravorty, K. M. Merz, Jr, J. Chem. Theory Comput. 2013, 9, 2733−2748" />
        <entry name="PT" mass="195.08" vdwRadius="1.266" potentialWellDepth="0.00307642" atomPolarizability="0" element="Pt" hybridization="sp3" groupName="metals2" description="P. Li, B. P. Roberts, D. K. Chakravorty, K. M. Merz, Jr, J. Chem. Theory Comput. 2013, 9, 2733−2748" />
        <entry name="ZN" mass="65.4" vdwRadius="1.271" potentialWellDepth="0.00330286" atomPolarizability="0" element="Zn" hybridization="sp3" groupName="metals2" description="P. Li, B. P. Roberts, D. K. Chakravorty, K. M. Merz, Jr, J. Chem. Theory Comput. 2013, 9, 2733−2748" />
        <entry name="CO" mass="58.93" vdwRadius="1.299" potentialWellDepth="0.00483892" atomPolarizability="0" element="Co" hybridization="sp3" groupName="metals2" description="P. Li, B. P. Roberts, D. K. Chakravorty, K. M. Merz, Jr, J. Chem. Theory Comput. 2013, 9, 2733−2748" />
        <entry name="PD" mass="106.42" vdwRadius="1.303" potentialWellDepth="0.00509941" atomPolarizability="0" element="Pd" hybridization="sp3" groupName="metals2" description="P. Li, B. P. Roberts, D. K. Chakravorty, K. M. Merz, Jr, J. Chem. Theory Comput. 2013, 9, 2733−2748" />
        <entry name="AG" mass="107.87" vdwRadius="1.336" potentialWellDepth="0.00770969" atomPolarizability="0" element="Ag" hybridization="sp3" groupName="metals2" description="P. Li, B. P. Roberts, D. K. Chakravorty, K. M. Merz, Jr, J. Chem. Theory Comput. 2013, 9, 2733−2748" />
        <entry name="CR" mass="52" vdwRadius="1.346" potentialWellDepth="0.00868178" atomPolarizability="0" element="Cr" hybridization="sp3" groupName="metals2" description="P. Li, B. P. Roberts, D. K. Chakravorty, K. M. Merz, Jr, J. Chem. Theory Comput. 2013, 9, 2733−2748" />
        <entry name="FE" mass="55.85" vdwRadius="1.353" potentialWellDepth="0.00941798" atomPolarizability="0" element="Fe" hybridization="sp3" groupName="metals2" description="P. Li, B. P. Roberts, D. K. Chakravorty, K. M. Merz, Jr, J. Chem. Theory Comput. 2013, 9, 2733−2748" />
        <entry name="MG" mass="24.305" vdwRadius="1.36" potentialWellDepth="0.0102024" atomPolarizability="0" element="Mg" hybridization="sp3" groupName="metals2" description="P. Li, B. P. Roberts, D. K. Chakravorty, K. M. Merz, Jr, J. Chem. Theory Comput. 2013, 9, 2733−2748" />
        <entry name="V" mass="50.94" vdwRadius="1.364" potentialWellDepth="0.010673" atomPolarizability="0" element="V" hybridization="sp3" groupName="metals2" description="P. Li, B. P. Roberts, D. K. Chakravorty, K. M. Merz, Jr, J. Chem. Theory Comput. 2013, 9, 2733−2748" />
        <entry name="MN" mass="54.94" vdwRadius="1.407" potentialWellDepth="0.0168671" atomPolarizability="0" element="Mn" hybridization="sp3" groupName="metals2" description="P. Li, B. P. Roberts, D. K. Chakravorty, K. M. Merz, Jr, J. Chem. Theory Comput. 2013, 9, 2733−2748" />
        <entry name="HG" mass="200.59" vdwRadius="1.407" potentialWellDepth="0.0168671" atomPolarizability="0" element="Hg" hybridization="sp3" groupName="metals2" description="P. Li, B. P. Roberts, D. K. Chakravorty, K. M. Merz, Jr, J. Chem. Theory Comput. 2013, 9, 2733−2748" />
        <entry name="CD" mass="112.41" vdwRadius="1.412" potentialWellDepth="0.0177342" atomPolarizability="0" element="Cd" hybridization="sp3" groupName="metals2" description="P. Li, B. P. Roberts, D. K. Chakravorty, K. M. Merz, Jr, J. Chem. Theory Comput. 2013, 9, 2733−2748" />
        <entry name="YB" mass="173.05" vdwRadius="1.642" potentialWellDepth="0.10186" atomPolarizability="0" element="Yb" hybridization="sp3" groupName="metals2" description="P. Li, B. P. Roberts, D. K. Chakravorty, K. M. Merz, Jr, J. Chem. Theory Comput. 2013, 9, 2733−2748" />
        <entry name="CA" mass="40.08" vdwRadius="1.649" potentialWellDepth="0.105929" atomPolarizability="0" element="Ca" hybridization="sp3" groupName="metals2" description="P. Li, B. P. Roberts, D. K. Chakravorty, K. M. Merz, Jr, J. Chem. Theory Comput. 2013, 9, 2733−2748" />
        <entry name="SN" mass="118.71" vdwRadius="1.666" potentialWellDepth="0.116177" atomPolarizability="0" element="Sn" hybridization="sp3" groupName="metals2" description="P. Li, B. P. Roberts, D. K. Chakravorty, K. M. Merz, Jr, J. Chem. Theory Comput. 2013, 9, 2733−2748" />
        <entry name="PB" mass="207.2" vdwRadius="1.745" potentialWellDepth="0.170181" atomPolarizability="0" element="Pb" hybridization="sp3" groupName="metals2" description="P. Li, B. P. Roberts, D. K. Chakravorty, K. M. Merz, Jr, J. Chem. Theory Comput. 2013, 9, 2733−2748" />
        <entry name="EU" mass="151.96" vdwRadius="1.802" potentialWellDepth="0.214759" atomPolarizability="0" element="Eu" hybridization="sp3" groupName="metals2" description="P. Li, B. P. Roberts, D. K. Chakravorty, K. M. Merz, Jr, J. Chem. Theory Comput. 2013, 9, 2733−2748" />
        <entry name="SR" mass="87.62" vdwRadius="1.81" potentialWellDepth="0.221324" atomPolarizability="0" element="Sr" hybridization="sp3" groupName="metals2" description="P. Li, B. P. Roberts, D. K. Chakravorty, K. M. Merz, Jr, J. Chem. Theory Comput. 2013, 9, 2733−2748" />
        <entry name="SM" mass="150.36" vdwRadius="1.819" potentialWellDepth="0.228788" atomPolarizability="0" element="Sm" hybridization="sp3" groupName="metals2" description="P. Li, B. P. Roberts, D. K. Chakravorty, K. M. Merz, Jr, J. Chem. Theory Comput. 2013, 9, 2733−2748" />
        <entry name="BA" mass="137.33" vdwRadius="2.019" potentialWellDepth="0.406646" atomPolarizability="0" element="Ba" hybridization="sp3" groupName="metals2" description="P. Li, B. P. Roberts, D. K. Chakravorty, K. M. Merz, Jr, J. Chem. Theory Comput. 2013, 9, 2733−2748" />
        <entry name="RA" mass="226.03" vdwRadius="2.019" potentialWellDepth="0.406646" atomPolarizability="0" element="Ra" hybridization="sp3" groupName="metals2" description="P. Li, B. P. Roberts, D. K. Chakravorty, K. M. Merz, Jr, J. Chem. Theory Comput. 2013, 9, 2733−2748" />
        <entry name="U1" mass="63.55" vdwRadius="1.2" potentialWellDepth="0.05" atomPolarizability="0" element="Cu" hybridization="sp3" groupName="metals2" description="Cu(I)"/>
        <entry name="MO" mass="63.55" vdwRadius="0.0" potentialWellDepth="0.0" atomPolarizability="0" element="Mo" hybridization="sp3" groupName="metals2" description="Molybdenum"/>
        <entry name="RU" mass="63.55" vdwRadius="1.1" potentialWellDepth="0.0125" atomPolarizability="0" element="Ru" hybridization="sp3" groupName="metals2" description="Ru ..."/>
    </types>
</parms>
