<?xml version="1.0" ?>
<stdLib>
  <group identity="aminoAcidsNT94">
    <fragment identity="ALANINE" symbol="ALA" character="A" type="s">
      <atom atmCharge="0.1414" bond12="-1" bond13="-2" bond14="-3" bondAngle="116.6" bondLength="1.335" bondTorsion="180.0" chain="M" identity=" N  " index="1" type="N3"  />
      <atom atmCharge="0.1997" bond12="1" bond13="-1" bond14="-2" bondAngle="130.0" bondLength="1.01" bondTorsion="0.0" chain="E" identity=" H1 " index="2" type="H"  />
      <atom atmCharge="0.1997" bond12="1" bond13="-1" bond14="-2" bondAngle="60.0" bondLength="1.01" bondTorsion="90.0" chain="E" identity=" H2 " index="3" type="H"  />
      <atom atmCharge="0.1997" bond12="1" bond13="-1" bond14="-2" bondAngle="60.0" bondLength="1.01" bondTorsion="-90.0" chain="E" identity=" H3 " index="4" type="H"  />
      <atom atmCharge="0.0962" bond12="1" bond13="-1" bond14="-2" bondAngle="121.9" bondLength="1.449" bondTorsion="180.0" chain="M" identity=" CA " index="5" type="CT"  />
      <atom atmCharge="0.0889" bond12="5" bond13="1" bond14="-1" bondAngle="109.5" bondLength="1.09" bondTorsion="300.0" chain="E" identity=" HA " index="6" type="HP"  />
      <atom atmCharge="-0.0597" bond12="5" bond13="1" bond14="-1" bondAngle="111.1" bondLength="1.525" bondTorsion="60.0" chain="3" identity=" CB " index="7" type="CT"  />
      <atom atmCharge="0.03" bond12="7" bond13="5" bond14="1" bondAngle="109.5" bondLength="1.09" bondTorsion="60.0" chain="E" identity=" HB1" index="8" type="HC"  />
      <atom atmCharge="0.03" bond12="7" bond13="5" bond14="1" bondAngle="109.5" bondLength="1.09" bondTorsion="180.0" chain="E" identity=" HB2" index="9" type="HC"  />
      <atom atmCharge="0.03" bond12="7" bond13="5" bond14="1" bondAngle="109.5" bondLength="1.09" bondTorsion="300.0" chain="E" identity=" HB3" index="10" type="HC"  />
      <atom atmCharge="0.6163" bond12="5" bond13="1" bond14="-1" bondAngle="111.1" bondLength="1.522" bondTorsion="180.0" chain="M" identity=" C  " index="11" type="C"  />
      <atom atmCharge="-0.5722" bond12="11" bond13="5" bond14="1" bondAngle="120.5" bondLength="1.229" bondTorsion="0.0" chain="E" identity=" O  " index="12" type="O"  />
      <alias alias="N   " original=" N  "/>
      <alias alias="2HB " original=" HB2"/>
      <alias alias="HN  " original=" H  "/>
      <alias alias=" HN " original=" H  "/>
      <alias alias="3HB " original=" HB3"/>
      <alias alias="1HB " original=" HB1"/>
      <alias alias="1H  " original=" H  "/>
      <alias alias="O1  " original=" O  "/>
    </fragment>
    <fragment identity="GLYCINE" symbol="GLY" character="G" type="s">
      <atom atmCharge="0.2943" bond12="-1" bond13="-2" bond14="-3" bondAngle="116.6" bondLength="1.335" bondTorsion="180.0" chain="M" identity=" N  " index="1" type="N3"/>
      <atom atmCharge="0.1642" bond12="1" bond13="-1" bond14="-2" bondAngle="130.0" bondLength="1.01" bondTorsion="0.0" chain="E" identity=" H1 " index="2" type="H"/>
      <atom atmCharge="0.1642" bond12="1" bond13="-1" bond14="-2" bondAngle="60.0" bondLength="1.01" bondTorsion="90.0" chain="E" identity=" H2 " index="3" type="H"/>
      <atom atmCharge="0.1642" bond12="1" bond13="-1" bond14="-2" bondAngle="60.0" bondLength="1.01" bondTorsion="-90.0" chain="E" identity=" H3 " index="4" type="H"/>
      <atom atmCharge="-0.01" bond12="1" bond13="-1" bond14="-2" bondAngle="121.9" bondLength="1.449" bondTorsion="180.0" chain="M" identity=" CA " index="5" type="CT"/>
      <atom atmCharge="0.0895" bond12="5" bond13="1" bond14="-1" bondAngle="109.5" bondLength="1.09" bondTorsion="300.0" chain="E" identity=" HA2" index="6" type="HP"/>
      <atom atmCharge="0.0895" bond12="5" bond13="1" bond14="-1" bondAngle="109.5" bondLength="1.09" bondTorsion="60.0" chain="E" identity=" HA3" index="7" type="HP"/>
      <atom atmCharge="0.6163" bond12="5" bond13="1" bond14="-1" bondAngle="110.4" bondLength="1.522" bondTorsion="180.0" chain="M" identity=" C  " index="8" type="C"/>
      <atom atmCharge="-0.5722" bond12="8" bond13="5" bond14="1" bondAngle="120.5" bondLength="1.229" bondTorsion="0.0" chain="E" identity=" O  " index="9" type="O"/>
      <alias alias="N   " original=" N  "/>
      <alias alias="H1  " original=" H1 "/>
      <alias alias="H2  " original=" H2 "/>
      <alias alias="H3  " original=" H3 "/>
      <alias alias="CA  " original=" CA "/>
      <alias alias="HA2 " original=" HA2"/>
      <alias alias="2HA " original=" HA2"/>
      <alias alias="3HA " original=" HA3"/>
      <alias alias="HA3 " original=" HA3"/>
      <alias alias="C   " original=" C  "/>
      <alias alias="O1  " original=" O  "/>
      <alias alias="O   " original=" O  "/>
    </fragment>
    <fragment identity="SERINE" symbol="SER" character="S" type="s">
      <atom atmCharge="0.1849" bond12="-1" bond13="-2" bond14="-3" bondAngle="116.6" bondLength="1.335" bondTorsion="180.0" chain="M" identity=" N  " index="1" type="N3"/>
      <atom atmCharge="0.1898" bond12="1" bond13="-1" bond14="-2" bondAngle="130.0" bondLength="1.01" bondTorsion="0.0" chain="E" identity=" H1 " index="2" type="H"/>
      <atom atmCharge="0.1898" bond12="1" bond13="-1" bond14="-2" bondAngle="60.0" bondLength="1.01" bondTorsion="90.0" chain="E" identity=" H2 " index="3" type="H"/>
      <atom atmCharge="0.1898" bond12="1" bond13="-1" bond14="-2" bondAngle="60.0" bondLength="1.01" bondTorsion="-90.0" chain="E" identity=" H3 " index="4" type="H"/>
      <atom atmCharge="0.0567" bond12="1" bond13="-1" bond14="-2" bondAngle="121.9" bondLength="1.449" bondTorsion="180.0" chain="M" identity=" CA " index="5" type="CT"/>
      <atom atmCharge="0.0782" bond12="5" bond13="1" bond14="-1" bondAngle="109.5" bondLength="1.09" bondTorsion="300.0" chain="E" identity=" HA " index="6" type="HP"/>
      <atom atmCharge="0.2596" bond12="5" bond13="1" bond14="-1" bondAngle="111.1" bondLength="1.525" bondTorsion="60.0" chain="3" identity=" CB " index="7" type="CT"/>
      <atom atmCharge="0.0273" bond12="7" bond13="5" bond14="1" bondAngle="109.5" bondLength="1.09" bondTorsion="300.0" chain="E" identity=" HB2" index="8" type="H1"/>
      <atom atmCharge="0.0273" bond12="7" bond13="5" bond14="1" bondAngle="109.5" bondLength="1.09" bondTorsion="60.0" chain="E" identity=" HB3" index="9" type="H1"/>
      <atom atmCharge="-0.6714" bond12="7" bond13="5" bond14="1" bondAngle="109.47" bondLength="1.43" bondTorsion="180.0" chain="S" identity=" OG " index="10" type="OH"/>
      <atom atmCharge="0.4239" bond12="10" bond13="7" bond14="5" bondAngle="109.47" bondLength="0.96" bondTorsion="180.0" chain="E" identity=" HG " index="11" type="HO"/>
      <atom atmCharge="0.6163" bond12="5" bond13="1" bond14="-1" bondAngle="111.1" bondLength="1.522" bondTorsion="180.0" chain="M" identity=" C  " index="12" type="C"/>
      <atom atmCharge="-0.5722" bond12="12" bond13="5" bond14="1" bondAngle="120.5" bondLength="1.229" bondTorsion="0.0" chain="E" identity=" O  " index="13" type="O"/>
      <alias alias="N   " original=" N  "/>
      <alias alias="2HB " original=" HB2"/>
      <alias alias="HN  " original=" H  "/>
      <alias alias=" HN " original=" H  "/>
      <alias alias="HA  " original=" HA "/>
      <alias alias="O1  " original=" O  "/>
      <alias alias="3HB " original=" HB3"/>
    </fragment>
    <fragment identity="THREONINE" symbol="THR" character="T" type="s">
      <atom atmCharge="0.1812" bond12="-1" bond13="-2" bond14="-3" bondAngle="116.6" bondLength="1.335" bondTorsion="180.0" chain="M" identity=" N  " index="1" type="N3"/>
      <atom atmCharge="0.1934" bond12="1" bond13="-1" bond14="-2" bondAngle="130.0" bondLength="1.01" bondTorsion="0.0" chain="E" identity=" H1 " index="2" type="H"/>
      <atom atmCharge="0.1934" bond12="1" bond13="-1" bond14="-2" bondAngle="60.0" bondLength="1.01" bondTorsion="90.0" chain="E" identity=" H2 " index="3" type="H"/>
      <atom atmCharge="0.1934" bond12="1" bond13="-1" bond14="-2" bondAngle="60.0" bondLength="1.01" bondTorsion="-90.0" chain="E" identity=" H3 " index="4" type="H"/>
      <atom atmCharge="0.0034" bond12="1" bond13="-1" bond14="-2" bondAngle="121.9" bondLength="1.449" bondTorsion="180.0" chain="M" identity=" CA " index="5" type="CT"/>
      <atom atmCharge="0.1087" bond12="5" bond13="1" bond14="-1" bondAngle="109.5" bondLength="1.09" bondTorsion="300.0" chain="E" identity=" HA " index="6" type="HP"/>
      <atom atmCharge="0.4514" bond12="5" bond13="1" bond14="-1" bondAngle="111.1" bondLength="1.525" bondTorsion="60.0" chain="3" identity=" CB " index="7" type="CT"/>
      <atom atmCharge="-0.0323" bond12="7" bond13="5" bond14="1" bondAngle="109.5" bondLength="1.09" bondTorsion="180.0" chain="E" identity=" HB " index="8" type="H1"/>
      <atom atmCharge="-0.2554" bond12="7" bond13="5" bond14="1" bondAngle="109.47" bondLength="1.525" bondTorsion="300.0" chain="3" identity=" CG2" index="9" type="CT"/>
      <atom atmCharge="0.0627" bond12="9" bond13="7" bond14="5" bondAngle="109.5" bondLength="1.09" bondTorsion="60.0" chain="E" identity="HG21" index="10" type="HC"/>
      <atom atmCharge="0.0627" bond12="9" bond13="7" bond14="5" bondAngle="109.5" bondLength="1.09" bondTorsion="180.0" chain="E" identity="HG22" index="11" type="HC"/>
      <atom atmCharge="0.0627" bond12="9" bond13="7" bond14="5" bondAngle="109.5" bondLength="1.09" bondTorsion="300.0" chain="E" identity="HG23" index="12" type="HC"/>
      <atom atmCharge="-0.6764" bond12="7" bond13="5" bond14="1" bondAngle="109.47" bondLength="1.43" bondTorsion="60.0" chain="S" identity=" OG1" index="13" type="OH"/>
      <atom atmCharge="0.407" bond12="13" bond13="7" bond14="5" bondAngle="109.47" bondLength="0.96" bondTorsion="180.0" chain="E" identity=" HG1" index="14" type="HO"/>
      <atom atmCharge="0.6163" bond12="5" bond13="1" bond14="-1" bondAngle="111.1" bondLength="1.522" bondTorsion="180.0" chain="M" identity=" C  " index="15" type="C"/>
      <atom atmCharge="-0.5722" bond12="15" bond13="5" bond14="1" bondAngle="120.5" bondLength="1.229" bondTorsion="0.0" chain="E" identity=" O  " index="16" type="O"/>
      <alias alias="2HG2" original="HG22"/>
      <alias alias="HA  " original=" HA "/>
      <alias alias="HA2 " original=" HA "/>
      <alias alias="3HG2" original="HG23"/>
      <alias alias="HN  " original=" H  "/>
      <alias alias=" HN " original=" H  "/>
      <alias alias="1HG " original=" HG1"/>
      <alias alias="N   " original=" N  "/>
      <alias alias="1HG2" original="HG21"/>
      <alias alias="O1  " original=" O  "/>
    </fragment>
    <fragment identity="LEUCINE" symbol="LEU" character="L" type="s">
      <atom atmCharge="0.101" bond12="-1" bond13="-2" bond14="-3" bondAngle="116.6" bondLength="1.335" bondTorsion="180.0" chain="M" identity=" N  " index="1" type="N3"/>
      <atom atmCharge="0.2148" bond12="1" bond13="-1" bond14="-2" bondAngle="130.0" bondLength="1.01" bondTorsion="0.0" chain="E" identity=" H1 " index="2" type="H"/>
      <atom atmCharge="0.2148" bond12="1" bond13="-1" bond14="-2" bondAngle="60.0" bondLength="1.01" bondTorsion="90.0" chain="E" identity=" H2 " index="3" type="H"/>
      <atom atmCharge="0.2148" bond12="1" bond13="-1" bond14="-2" bondAngle="60.0" bondLength="1.01" bondTorsion="-90.0" chain="E" identity=" H3 " index="4" type="H"/>
      <atom atmCharge="0.0104" bond12="1" bond13="-1" bond14="-2" bondAngle="121.9" bondLength="1.449" bondTorsion="180.0" chain="M" identity=" CA " index="5" type="CT"/>
      <atom atmCharge="0.1053" bond12="5" bond13="1" bond14="-1" bondAngle="109.5" bondLength="1.09" bondTorsion="300.0" chain="E" identity=" HA " index="6" type="HP"/>
      <atom atmCharge="-0.0244" bond12="5" bond13="1" bond14="-1" bondAngle="111.1" bondLength="1.525" bondTorsion="60.0" chain="3" identity=" CB " index="7" type="CT"/>
      <atom atmCharge="0.0256" bond12="7" bond13="5" bond14="1" bondAngle="109.5" bondLength="1.09" bondTorsion="300.0" chain="E" identity=" HB2" index="8" type="HC"/>
      <atom atmCharge="0.0256" bond12="7" bond13="5" bond14="1" bondAngle="109.5" bondLength="1.09" bondTorsion="60.0" chain="E" identity=" HB3" index="9" type="HC"/>
      <atom atmCharge="0.3421" bond12="7" bond13="5" bond14="1" bondAngle="109.47" bondLength="1.525" bondTorsion="180.0" chain="3" identity=" CG " index="10" type="CT"/>
      <atom atmCharge="-0.038" bond12="10" bond13="7" bond14="5" bondAngle="109.5" bondLength="1.09" bondTorsion="300.0" chain="E" identity=" HG " index="11" type="HC"/>
      <atom atmCharge="-0.4106" bond12="10" bond13="7" bond14="5" bondAngle="109.47" bondLength="1.525" bondTorsion="60.0" chain="3" identity=" CD1" index="12" type="CT"/>
      <atom atmCharge="0.098" bond12="12" bond13="10" bond14="7" bondAngle="109.5" bondLength="1.09" bondTorsion="60.0" chain="E" identity="HD11" index="13" type="HC"/>
      <atom atmCharge="0.098" bond12="12" bond13="10" bond14="7" bondAngle="109.5" bondLength="1.09" bondTorsion="180.0" chain="E" identity="HD12" index="14" type="HC"/>
      <atom atmCharge="0.098" bond12="12" bond13="10" bond14="7" bondAngle="109.5" bondLength="1.09" bondTorsion="300.0" chain="E" identity="HD13" index="15" type="HC"/>
      <atom atmCharge="-0.4104" bond12="10" bond13="7" bond14="5" bondAngle="109.47" bondLength="1.525" bondTorsion="180.0" chain="3" identity=" CD2" index="16" type="CT"/>
      <atom atmCharge="0.098" bond12="16" bond13="10" bond14="7" bondAngle="109.5" bondLength="1.09" bondTorsion="60.0" chain="E" identity="HD21" index="17" type="HC"/>
      <atom atmCharge="0.098" bond12="16" bond13="10" bond14="7" bondAngle="109.5" bondLength="1.09" bondTorsion="180.0" chain="E" identity="HD22" index="18" type="HC"/>
      <atom atmCharge="0.098" bond12="16" bond13="10" bond14="7" bondAngle="109.5" bondLength="1.09" bondTorsion="300.0" chain="E" identity="HD23" index="19" type="HC"/>
      <atom atmCharge="0.6123" bond12="5" bond13="1" bond14="-1" bondAngle="111.1" bondLength="1.522" bondTorsion="180.0" chain="M" identity=" C  " index="20" type="C"/>
      <atom atmCharge="-0.5713" bond12="20" bond13="5" bond14="1" bondAngle="120.5" bondLength="1.229" bondTorsion="0.0" chain="E" identity=" O  " index="21" type="O"/>
      <alias alias="2HB " original=" HB2"/>
      <alias alias="1HG " original=" HG "/>
      <alias alias="HN  " original=" H  "/>
      <alias alias=" HN " original=" H  "/>
      <alias alias="1HD2" original="HD21"/>
      <alias alias="1HD1" original="HD11"/>
      <alias alias="2HD2" original="HD22"/>
      <alias alias="HA2 " original=" HA "/>
      <alias alias="2HD1" original="HD12"/>
      <alias alias="3HD1" original="HD13"/>
      <alias alias="3HD2" original="HD23"/>
      <alias alias="N   " original=" N  "/>
      <alias alias="3HB " original=" HB3"/>
      <alias alias="O1  " original=" O  "/>
      <alias alias="HB1 " original=" HB3"/>
      <alias alias="HA  " original=" HA "/>
      <alias alias="1HB " original=" HB3"/>
    </fragment>
    <fragment identity="ISOLEUCINE" symbol="ILE" character="I" type="s">
      <atom atmCharge="0.0311" bond12="-1" bond13="-2" bond14="-3" bondAngle="116.6" bondLength="1.335" bondTorsion="180.0" chain="M" identity=" N  " index="1" type="N3"/>
      <atom atmCharge="0.2329" bond12="1" bond13="-1" bond14="-2" bondAngle="130.0" bondLength="1.01" bondTorsion="0.0" chain="E" identity=" H1 " index="2" type="H"/>
      <atom atmCharge="0.2329" bond12="1" bond13="-1" bond14="-2" bondAngle="60.0" bondLength="1.01" bondTorsion="90.0" chain="E" identity=" H2 " index="3" type="H"/>
      <atom atmCharge="0.2329" bond12="1" bond13="-1" bond14="-2" bondAngle="60.0" bondLength="1.01" bondTorsion="-90.0" chain="E" identity=" H3 " index="4" type="H"/>
      <atom atmCharge="0.0257" bond12="1" bond13="-1" bond14="-2" bondAngle="121.9" bondLength="1.449" bondTorsion="180.0" chain="M" identity=" CA " index="5" type="CT"/>
      <atom atmCharge="0.1031" bond12="5" bond13="1" bond14="-1" bondAngle="109.5" bondLength="1.09" bondTorsion="300.0" chain="E" identity=" HA " index="6" type="HP"/>
      <atom atmCharge="0.1885" bond12="5" bond13="1" bond14="-1" bondAngle="109.47" bondLength="1.525" bondTorsion="60.0" chain="3" identity=" CB " index="7" type="CT"/>
      <atom atmCharge="0.0213" bond12="7" bond13="5" bond14="1" bondAngle="109.5" bondLength="1.09" bondTorsion="300.0" chain="E" identity=" HB " index="8" type="HC"/>
      <atom atmCharge="-0.372" bond12="7" bond13="5" bond14="1" bondAngle="109.47" bondLength="1.525" bondTorsion="60.0" chain="3" identity=" CG2" index="9" type="CT"/>
      <atom atmCharge="0.0947" bond12="9" bond13="7" bond14="5" bondAngle="109.5" bondLength="1.09" bondTorsion="60.0" chain="E" identity="HG21" index="10" type="HC"/>
      <atom atmCharge="0.0947" bond12="9" bond13="7" bond14="5" bondAngle="109.5" bondLength="1.09" bondTorsion="180.0" chain="E" identity="HG22" index="11" type="HC"/>
      <atom atmCharge="0.0947" bond12="9" bond13="7" bond14="5" bondAngle="109.5" bondLength="1.09" bondTorsion="300.0" chain="E" identity="HG23" index="12" type="HC"/>
      <atom atmCharge="-0.0387" bond12="7" bond13="5" bond14="1" bondAngle="109.47" bondLength="1.525" bondTorsion="180.0" chain="3" identity=" CG1" index="13" type="CT"/>
      <atom atmCharge="0.0201" bond12="13" bond13="7" bond14="5" bondAngle="109.5" bondLength="1.09" bondTorsion="60.0" chain="E" identity="HG12" index="14" type="HC"/>
      <atom atmCharge="0.0201" bond12="13" bond13="7" bond14="5" bondAngle="109.5" bondLength="1.09" bondTorsion="300.0" chain="E" identity="HG13" index="15" type="HC"/>
      <atom atmCharge="-0.0908" bond12="13" bond13="7" bond14="5" bondAngle="109.47" bondLength="1.525" bondTorsion="180.0" chain="3" identity=" CD1" index="16" type="CT"/>
      <atom atmCharge="0.0226" bond12="16" bond13="13" bond14="7" bondAngle="109.5" bondLength="1.09" bondTorsion="60.0" chain="E" identity="HD11" index="17" type="HC"/>
      <atom atmCharge="0.0226" bond12="16" bond13="13" bond14="7" bondAngle="109.5" bondLength="1.09" bondTorsion="180.0" chain="E" identity="HD12" index="18" type="HC"/>
      <atom atmCharge="0.0226" bond12="16" bond13="13" bond14="7" bondAngle="109.5" bondLength="1.09" bondTorsion="300.0" chain="E" identity="HD13" index="19" type="HC"/>
      <atom atmCharge="0.6123" bond12="5" bond13="1" bond14="-1" bondAngle="111.1" bondLength="1.522" bondTorsion="180.0" chain="M" identity=" C  " index="20" type="C"/>
      <atom atmCharge="-0.5713" bond12="20" bond13="5" bond14="1" bondAngle="120.5" bondLength="1.229" bondTorsion="0.0" chain="E" identity=" O  " index="21" type="O"/>
      <alias alias="N   " original=" N  "/>
      <alias alias="HA  " original=" HA "/>
      <alias alias="HB  " original=" HB "/>
      <alias alias="1HG2" original="HG21"/>
      <alias alias="2HG2" original="HG22"/>
      <alias alias="3HG2" original="HG23"/>
      <alias alias="2HG1" original="HG12"/>
      <alias alias="3HG1" original="HG13"/>
      <alias alias="1HD1" original="HD11"/>
      <alias alias="2HD1" original="HD12"/>
      <alias alias="3HD1" original="HD13"/>
      <alias alias="HN  " original=" H  "/>
      <alias alias=" HN " original=" H  "/>
      <alias alias="N   " original=" N  "/>
      <alias alias="HA2 " original=" HA "/>
    </fragment>
    <fragment identity="VALINE" symbol="VAL" character="V" type="s">
      <atom atmCharge="0.0577" bond12="-1" bond13="-2" bond14="-3" bondAngle="116.6" bondLength="1.335" bondTorsion="180.0" chain="M" identity=" N  " index="1" type="N3"/>
      <atom atmCharge="0.2272" bond12="1" bond13="-1" bond14="-2" bondAngle="130.0" bondLength="1.01" bondTorsion="0.0" chain="E" identity=" H1 " index="2" type="H"/>
      <atom atmCharge="0.2272" bond12="1" bond13="-1" bond14="-2" bondAngle="60.0" bondLength="1.01" bondTorsion="90.0" chain="E" identity=" H2 " index="3" type="H"/>
      <atom atmCharge="0.2272" bond12="1" bond13="-1" bond14="-2" bondAngle="60.0" bondLength="1.01" bondTorsion="-90.0" chain="E" identity=" H3 " index="4" type="H"/>
      <atom atmCharge="-0.0054" bond12="1" bond13="-1" bond14="-2" bondAngle="121.9" bondLength="1.449" bondTorsion="180.0" chain="M" identity=" CA " index="5" type="CT"/>
      <atom atmCharge="0.1093" bond12="5" bond13="1" bond14="-1" bondAngle="109.5" bondLength="1.09" bondTorsion="300.0" chain="E" identity=" HA " index="6" type="HP"/>
      <atom atmCharge="0.3196" bond12="5" bond13="1" bond14="-1" bondAngle="111.1" bondLength="1.525" bondTorsion="60.0" chain="3" identity=" CB " index="7" type="CT"/>
      <atom atmCharge="-0.0221" bond12="7" bond13="5" bond14="1" bondAngle="109.5" bondLength="1.09" bondTorsion="300.0" chain="E" identity=" HB " index="8" type="HC"/>
      <atom atmCharge="-0.3129" bond12="7" bond13="5" bond14="1" bondAngle="109.47" bondLength="1.525" bondTorsion="60.0" chain="3" identity=" CG1" index="9" type="CT"/>
      <atom atmCharge="0.0735" bond12="9" bond13="7" bond14="5" bondAngle="109.5" bondLength="1.09" bondTorsion="60.0" chain="E" identity="HG11" index="10" type="HC"/>
      <atom atmCharge="0.0735" bond12="9" bond13="7" bond14="5" bondAngle="109.5" bondLength="1.09" bondTorsion="180.0" chain="E" identity="HG12" index="11" type="HC"/>
      <atom atmCharge="0.0735" bond12="9" bond13="7" bond14="5" bondAngle="109.5" bondLength="1.09" bondTorsion="300.0" chain="E" identity="HG13" index="12" type="HC"/>
      <atom atmCharge="-0.3129" bond12="7" bond13="5" bond14="1" bondAngle="109.47" bondLength="1.525" bondTorsion="180.0" chain="3" identity=" CG2" index="13" type="CT"/>
      <atom atmCharge="0.0735" bond12="13" bond13="7" bond14="5" bondAngle="109.5" bondLength="1.09" bondTorsion="60.0" chain="E" identity="HG21" index="14" type="HC"/>
      <atom atmCharge="0.0735" bond12="13" bond13="7" bond14="5" bondAngle="109.5" bondLength="1.09" bondTorsion="180.0" chain="E" identity="HG22" index="15" type="HC"/>
      <atom atmCharge="0.0735" bond12="13" bond13="7" bond14="5" bondAngle="109.5" bondLength="1.09" bondTorsion="300.0" chain="E" identity="HG23" index="16" type="HC"/>
      <atom atmCharge="0.6163" bond12="5" bond13="1" bond14="-1" bondAngle="111.1" bondLength="1.522" bondTorsion="180.0" chain="M" identity=" C  " index="17" type="C"/>
      <atom atmCharge="-0.5722" bond12="17" bond13="5" bond14="1" bondAngle="120.5" bondLength="1.229" bondTorsion="0.0" chain="E" identity=" O  " index="18" type="O"/>
      <alias alias="2HG2" original="HG22"/>
      <alias alias="2HG1" original="HG12"/>
      <alias alias="HA2 " original=" HA "/>
      <alias alias="3HG1" original="HG13"/>
      <alias alias="3HG2" original="HG23"/>
      <alias alias="HN  " original=" H  "/>
      <alias alias=" HN " original=" H  "/>
      <alias alias="N   " original=" N  "/>
      <alias alias="1HG2" original="HG21"/>
      <alias alias="1HG1" original="HG11"/>
      <alias alias="O1  " original=" O  "/>
    </fragment>
    <fragment identity="ASPARAGINE" symbol="ASN" character="N" type="s">
      <atom atmCharge="0.1801" bond12="-1" bond13="-2" bond14="-3" bondAngle="116.6" bondLength="1.335" bondTorsion="180.0" chain="M" identity=" N  " index="1" type="N3"/>
      <atom atmCharge="0.1921" bond12="1" bond13="-1" bond14="-2" bondAngle="130.0" bondLength="1.01" bondTorsion="0.0" chain="E" identity=" H1 " index="2" type="H"/>
      <atom atmCharge="0.1921" bond12="1" bond13="-1" bond14="-2" bondAngle="60.0" bondLength="1.01" bondTorsion="90.0" chain="E" identity=" H2 " index="3" type="H"/>
      <atom atmCharge="0.1921" bond12="1" bond13="-1" bond14="-2" bondAngle="60.0" bondLength="1.01" bondTorsion="-90.0" chain="E" identity=" H3 " index="4" type="H"/>
      <atom atmCharge="0.0368" bond12="1" bond13="-1" bond14="-2" bondAngle="121.9" bondLength="1.449" bondTorsion="180.0" chain="M" identity=" CA " index="5" type="CT"/>
      <atom atmCharge="0.1231" bond12="5" bond13="1" bond14="-1" bondAngle="109.5" bondLength="1.09" bondTorsion="300.0" chain="E" identity=" HA " index="6" type="HP"/>
      <atom atmCharge="-0.0283" bond12="5" bond13="1" bond14="-1" bondAngle="111.1" bondLength="1.525" bondTorsion="60.0" chain="3" identity=" CB " index="7" type="CT"/>
      <atom atmCharge="0.0515" bond12="7" bond13="5" bond14="1" bondAngle="109.5" bondLength="1.09" bondTorsion="300.0" chain="E" identity=" HB2" index="8" type="HC"/>
      <atom atmCharge="0.0515" bond12="7" bond13="5" bond14="1" bondAngle="109.5" bondLength="1.09" bondTorsion="60.0" chain="E" identity=" HB3" index="9" type="HC"/>
      <atom atmCharge="0.5833" bond12="7" bond13="5" bond14="1" bondAngle="111.1" bondLength="1.522" bondTorsion="180.0" chain="B" identity=" CG " index="10" type="C"/>
      <atom atmCharge="-0.5744" bond12="10" bond13="7" bond14="5" bondAngle="120.5" bondLength="1.229" bondTorsion="0.0" chain="E" identity=" OD1" index="11" type="O"/>
      <atom atmCharge="-0.8634" bond12="10" bond13="7" bond14="5" bondAngle="116.6" bondLength="1.335" bondTorsion="180.0" chain="B" identity=" ND2" index="12" type="N"/>
      <atom atmCharge="0.4097" bond12="12" bond13="10" bond14="7" bondAngle="119.8" bondLength="1.01" bondTorsion="180.0" chain="E" identity="HD21" index="13" type="H"/>
      <atom atmCharge="0.4097" bond12="12" bond13="10" bond14="7" bondAngle="119.8" bondLength="1.01" bondTorsion="0.0" chain="E" identity="HD22" index="14" type="H"/>
      <atom atmCharge="0.6163" bond12="5" bond13="1" bond14="-1" bondAngle="111.1" bondLength="1.522" bondTorsion="180.0" chain="M" identity=" C  " index="15" type="C"/>
      <atom atmCharge="-0.5722" bond12="15" bond13="5" bond14="1" bondAngle="120.5" bondLength="1.229" bondTorsion="0.0" chain="E" identity=" O  " index="16" type="O"/>
      <alias alias="H   " original=" H  "/>
      <alias alias="HA  " original=" HA "/>
      <alias alias="HA2 " original=" HA "/>
      <alias alias="2HB " original=" HB2"/>
      <alias alias="1HD2" original="HD21"/>
      <alias alias="HN  " original=" H  "/>
      <alias alias=" HN " original=" H  "/>
      <alias alias="2HD2" original="HD22"/>
      <alias alias="N   " original=" N  "/>
      <alias alias="O1  " original=" O  "/>
      <alias alias="OD1 " original=" OD1"/>
      <alias alias="HB1 " original=" HB3"/>
      <alias alias="1HB " original=" HB3"/>
      <alias alias="3HB " original=" HB3"/>
      <alias alias="O   " original=" O  "/>
      <improper Atom1="7" Atom2="12" Atom3="10" Atom4="11"/>
    </fragment>
    <fragment identity="GLUTAMINE" symbol="GLN" character="Q" type="s">
      <atom atmCharge="0.1493" bond12="-1" bond13="-2" bond14="-3" bondAngle="116.6" bondLength="1.335" bondTorsion="180.0" chain="M" identity=" N  " index="1" type="N3"/>
      <atom atmCharge="0.1996" bond12="1" bond13="-1" bond14="-2" bondAngle="130.0" bondLength="1.01" bondTorsion="0.0" chain="E" identity=" H1 " index="2" type="H"/>
      <atom atmCharge="0.1996" bond12="1" bond13="-1" bond14="-2" bondAngle="60.0" bondLength="1.01" bondTorsion="90.0" chain="E" identity=" H2 " index="3" type="H"/>
      <atom atmCharge="0.1996" bond12="1" bond13="-1" bond14="-2" bondAngle="60.0" bondLength="1.01" bondTorsion="-90.0" chain="E" identity=" H3 " index="4" type="H"/>
      <atom atmCharge="0.0536" bond12="1" bond13="-1" bond14="-2" bondAngle="121.9" bondLength="1.449" bondTorsion="180.0" chain="M" identity=" CA " index="5" type="CT"/>
      <atom atmCharge="0.1015" bond12="5" bond13="1" bond14="-1" bondAngle="109.5" bondLength="1.09" bondTorsion="300.0" chain="E" identity=" HA " index="6" type="HP"/>
      <atom atmCharge="0.0651" bond12="5" bond13="1" bond14="-1" bondAngle="111.1" bondLength="1.525" bondTorsion="60.0" chain="3" identity=" CB " index="7" type="CT"/>
      <atom atmCharge="0.005" bond12="7" bond13="5" bond14="1" bondAngle="109.5" bondLength="1.09" bondTorsion="300.0" chain="E" identity=" HB2" index="8" type="HC"/>
      <atom atmCharge="0.005" bond12="7" bond13="5" bond14="1" bondAngle="109.5" bondLength="1.09" bondTorsion="60.0" chain="E" identity=" HB3" index="9" type="HC"/>
      <atom atmCharge="-0.0903" bond12="7" bond13="5" bond14="1" bondAngle="109.47" bondLength="1.525" bondTorsion="180.0" chain="3" identity=" CG " index="10" type="CT"/>
      <atom atmCharge="0.0331" bond12="10" bond13="7" bond14="5" bondAngle="109.5" bondLength="1.09" bondTorsion="300.0" chain="E" identity=" HG2" index="11" type="HC"/>
      <atom atmCharge="0.0331" bond12="10" bond13="7" bond14="5" bondAngle="109.5" bondLength="1.09" bondTorsion="60.0" chain="E" identity=" HG3" index="12" type="HC"/>
      <atom atmCharge="0.7354" bond12="10" bond13="7" bond14="5" bondAngle="111.1" bondLength="1.522" bondTorsion="180.0" chain="B" identity=" CD " index="13" type="C"/>
      <atom atmCharge="-0.6133" bond12="13" bond13="10" bond14="7" bondAngle="120.5" bondLength="1.229" bondTorsion="0.0" chain="E" identity=" OE1" index="14" type="O"/>
      <atom atmCharge="-1.0031" bond12="13" bond13="10" bond14="7" bondAngle="116.6" bondLength="1.335" bondTorsion="180.0" chain="B" identity=" NE2" index="15" type="N"/>
      <atom atmCharge="0.4429" bond12="15" bond13="13" bond14="10" bondAngle="119.8" bondLength="1.01" bondTorsion="180.0" chain="E" identity="HE21" index="16" type="H"/>
      <atom atmCharge="0.4429" bond12="15" bond13="13" bond14="10" bondAngle="119.8" bondLength="1.01" bondTorsion="0.0" chain="E" identity="HE22" index="17" type="H"/>
      <atom atmCharge="0.6123" bond12="5" bond13="1" bond14="-1" bondAngle="111.1" bondLength="1.522" bondTorsion="180.0" chain="M" identity=" C  " index="18" type="C"/>
      <atom atmCharge="-0.5713" bond12="18" bond13="5" bond14="1" bondAngle="120.5" bondLength="1.229" bondTorsion="0.0" chain="E" identity=" O  " index="19" type="O"/>
      <alias alias="HA  " original=" HA "/>
      <alias alias="2HE2" original="HE22"/>
      <alias alias="HA2 " original=" HA "/>
      <alias alias="2HB " original=" HB2"/>
      <alias alias="1HE2" original="HE21"/>
      <alias alias="HN  " original=" H  "/>
      <alias alias=" HN " original=" H  "/>
      <alias alias="1HG " original=" HG3"/>
      <alias alias="N   " original=" N  "/>
      <alias alias="O1  " original=" O  "/>
      <alias alias="H   " original=" H  "/>
      <alias alias="3HG " original=" HG3"/>
      <alias alias="HB1 " original=" HB3"/>
      <alias alias="3HB " original=" HB3"/>
      <alias alias="1HB " original=" HB3"/>
      <alias alias="2HG " original=" HG2"/>
      <alias alias="HG1 " original=" HG3"/>
      <alias alias="O   " original=" O  "/>
      <improper Atom1="10" Atom2="15" Atom3="13" Atom4="14"/>
    </fragment>
    <fragment identity="ARGININE" symbol="ARG" character="R" type="s">
      <atom atmCharge="0.1305" bond12="-1" bond13="-2" bond14="-3" bondAngle="116.6" bondLength="1.335" bondTorsion="180.0" chain="M" identity=" N  " index="1" type="N3"/>
      <atom atmCharge="0.2083" bond12="1" bond13="-1" bond14="-2" bondAngle="130.0" bondLength="1.01" bondTorsion="0.0" chain="E" identity=" H1 " index="2" type="H"/>
      <atom atmCharge="0.2083" bond12="1" bond13="-1" bond14="-2" bondAngle="60.0" bondLength="1.01" bondTorsion="90.0" chain="E" identity=" H2 " index="3" type="H"/>
      <atom atmCharge="0.2083" bond12="1" bond13="-1" bond14="-2" bondAngle="60.0" bondLength="1.01" bondTorsion="-90.0" chain="E" identity=" H3 " index="4" type="H"/>
      <atom atmCharge="-0.0223" bond12="1" bond13="-1" bond14="-2" bondAngle="121.9" bondLength="1.449" bondTorsion="180.0" chain="M" identity=" CA " index="5" type="CT"/>
      <atom atmCharge="0.1242" bond12="5" bond13="1" bond14="-1" bondAngle="109.5" bondLength="1.09" bondTorsion="300.0" chain="E" identity=" HA " index="6" type="HP"/>
      <atom atmCharge="0.0118" bond12="5" bond13="1" bond14="-1" bondAngle="111.1" bondLength="1.525" bondTorsion="60.0" chain="3" identity=" CB " index="7" type="CT"/>
      <atom atmCharge="0.0226" bond12="7" bond13="5" bond14="1" bondAngle="109.5" bondLength="1.09" bondTorsion="300.0" chain="E" identity=" HB2" index="8" type="HC"/>
      <atom atmCharge="0.0226" bond12="7" bond13="5" bond14="1" bondAngle="109.5" bondLength="1.09" bondTorsion="60.0" chain="E" identity=" HB3" index="9" type="HC"/>
      <atom atmCharge="0.0236" bond12="7" bond13="5" bond14="1" bondAngle="109.47" bondLength="1.525" bondTorsion="180.0" chain="3" identity=" CG " index="10" type="CT"/>
      <atom atmCharge="0.0309" bond12="10" bond13="7" bond14="5" bondAngle="109.5" bondLength="1.09" bondTorsion="300.0" chain="E" identity=" HG2" index="11" type="HC"/>
      <atom atmCharge="0.0309" bond12="10" bond13="7" bond14="5" bondAngle="109.5" bondLength="1.09" bondTorsion="60.0" chain="E" identity=" HG3" index="12" type="HC"/>
      <atom atmCharge="0.0935" bond12="10" bond13="7" bond14="5" bondAngle="109.47" bondLength="1.525" bondTorsion="180.0" chain="3" identity=" CD " index="13" type="CT"/>
      <atom atmCharge="0.0527" bond12="13" bond13="10" bond14="7" bondAngle="109.5" bondLength="1.09" bondTorsion="300.0" chain="E" identity=" HD2" index="14" type="H1"/>
      <atom atmCharge="0.0527" bond12="13" bond13="10" bond14="7" bondAngle="109.5" bondLength="1.09" bondTorsion="60.0" chain="E" identity=" HD3" index="15" type="H1"/>
      <atom atmCharge="-0.565" bond12="13" bond13="10" bond14="7" bondAngle="111.0" bondLength="1.48" bondTorsion="180.0" chain="B" identity=" NE " index="16" type="N2"/>
      <atom atmCharge="0.3592" bond12="16" bond13="13" bond14="10" bondAngle="118.5" bondLength="1.01" bondTorsion="0.0" chain="E" identity=" HE " index="17" type="H"/>
      <atom atmCharge="0.8281" bond12="16" bond13="13" bond14="10" bondAngle="123.0" bondLength="1.33" bondTorsion="180.0" chain="B" identity=" CZ " index="18" type="CA"/>
      <atom atmCharge="-0.8693" bond12="18" bond13="16" bond14="13" bondAngle="122.0" bondLength="1.33" bondTorsion="0.0" chain="B" identity=" NH1" index="19" type="N2"/>
      <atom atmCharge="0.4494" bond12="19" bond13="18" bond14="16" bondAngle="119.8" bondLength="1.01" bondTorsion="0.0" chain="E" identity="HH11" index="20" type="H"/>
      <atom atmCharge="0.4494" bond12="19" bond13="18" bond14="16" bondAngle="119.8" bondLength="1.01" bondTorsion="180.0" chain="E" identity="HH12" index="21" type="H"/>
      <atom atmCharge="-0.8693" bond12="18" bond13="16" bond14="13" bondAngle="118.0" bondLength="1.33" bondTorsion="180.0" chain="B" identity=" NH2" index="22" type="N2"/>
      <atom atmCharge="0.4494" bond12="22" bond13="18" bond14="16" bondAngle="119.8" bondLength="1.01" bondTorsion="0.0" chain="E" identity="HH21" index="23" type="H"/>
      <atom atmCharge="0.4494" bond12="22" bond13="18" bond14="16" bondAngle="119.8" bondLength="1.01" bondTorsion="180.0" chain="E" identity="HH22" index="24" type="H"/>
      <atom atmCharge="0.7214" bond12="5" bond13="1" bond14="-1" bondAngle="111.1" bondLength="1.522" bondTorsion="180.0" chain="M" identity=" C  " index="25" type="C"/>
      <atom atmCharge="-0.6013" bond12="25" bond13="5" bond14="1" bondAngle="120.5" bondLength="1.229" bondTorsion="0.0" chain="E" identity=" O  " index="26" type="O"/>
      <alias alias="2HH2" original="HH22"/>
      <alias alias="N   " original=" N  "/>
      <alias alias="1H  " original=" H1 "/>
      <alias alias="2H  " original=" H2 "/>
      <alias alias="3H  " original=" H3 "/>
      <alias alias="3HD " original=" HD3"/>
      <alias alias="HA2 " original=" HA "/>
      <alias alias="2HB " original=" HB2"/>
      <alias alias="1HH2" original="HH21"/>
      <alias alias="HN  " original=" H  "/>
      <alias alias=" HN " original=" H  "/>
      <alias alias="3HB " original=" HB3"/>
      <alias alias="3HG " original=" HG3"/>
      <alias alias="2HH1" original="HH12"/>
      <alias alias="2HD " original=" HD2"/>
      <alias alias="2HG " original=" HG2"/>
      <alias alias="O1  " original=" O  "/>
      <alias alias="1HH1" original="HH11"/>
      <improper Atom1="16" Atom2="19" Atom3="18" Atom4="22"/>
      <improper Atom1="13" Atom2="18" Atom3="16" Atom4="17"/>
    </fragment>
    <fragment identity="HISTIDINE" symbol="HIS" character="H" type="s">
      <atom atmCharge="0.1542" bond12="-1" bond13="-2" bond14="-3" bondAngle="116.6" bondLength="1.335" bondTorsion="180.0" chain="M" identity=" N  " index="1" type="N3"/>
      <atom atmCharge="0.1963" bond12="1" bond13="-1" bond14="-2" bondAngle="130.0" bondLength="1.01" bondTorsion="0.0" chain="E" identity=" H1 " index="2" type="H"/>
      <atom atmCharge="0.1963" bond12="1" bond13="-1" bond14="-2" bondAngle="60.0" bondLength="1.01" bondTorsion="90.0" chain="E" identity=" H2 " index="3" type="H"/>
      <atom atmCharge="0.1963" bond12="1" bond13="-1" bond14="-2" bondAngle="60.0" bondLength="1.01" bondTorsion="-90.0" chain="E" identity=" H3 " index="4" type="H"/>
      <atom atmCharge="0.0964" bond12="1" bond13="-1" bond14="-2" bondAngle="121.9" bondLength="1.449" bondTorsion="180.0" chain="M" identity=" CA " index="5" type="CT"/>
      <atom atmCharge="0.0958" bond12="5" bond13="1" bond14="-1" bondAngle="109.5" bondLength="1.09" bondTorsion="300.0" chain="E" identity=" HA " index="6" type="HP"/>
      <atom atmCharge="0.0259" bond12="5" bond13="1" bond14="-1" bondAngle="111.1" bondLength="1.525" bondTorsion="60.0" chain="3" identity=" CB " index="7" type="CT"/>
      <atom atmCharge="0.0209" bond12="7" bond13="5" bond14="1" bondAngle="109.5" bondLength="1.09" bondTorsion="300.0" chain="E" identity=" HB2" index="8" type="HC"/>
      <atom atmCharge="0.0209" bond12="7" bond13="5" bond14="1" bondAngle="109.5" bondLength="1.09" bondTorsion="60.0" chain="E" identity=" HB3" index="9" type="HC"/>
      <atom atmCharge="-0.0399" bond12="7" bond13="5" bond14="1" bondAngle="115.0" bondLength="1.51" bondTorsion="180.0" chain="S" identity=" CG " index="10" type="CC"/>
      <atom atmCharge="-0.3819" bond12="10" bond13="7" bond14="5" bondAngle="122.0" bondLength="1.39" bondTorsion="180.0" chain="B" identity=" ND1" index="11" type="NA"/>
      <atom atmCharge="0.3632" bond12="11" bond13="10" bond14="7" bondAngle="126.0" bondLength="1.01" bondTorsion="0.0" chain="E" identity=" HD1" index="12" type="H"/>
      <atom atmCharge="0.2127" bond12="11" bond13="10" bond14="7" bondAngle="108.0" bondLength="1.32" bondTorsion="180.0" chain="B" identity=" CE1" index="13" type="CR"/>
      <atom atmCharge="0.1385" bond12="13" bond13="11" bond14="10" bondAngle="120.0" bondLength="1.09" bondTorsion="180.0" chain="E" identity=" HE1" index="14" type="H5"/>
      <atom atmCharge="-0.5711" bond12="13" bond13="11" bond14="10" bondAngle="109.0" bondLength="1.31" bondTorsion="0.0" chain="S" identity=" NE2" index="15" type="NB"/>
      <atom atmCharge="0.1046" bond12="15" bond13="13" bond14="11" bondAngle="110.0" bondLength="1.36" bondTorsion="0.0" chain="S" identity=" CD2" index="16" type="CV"/>
      <atom atmCharge="0.1299" bond12="16" bond13="15" bond14="13" bondAngle="120.0" bondLength="1.09" bondTorsion="180.0" chain="E" identity=" HD2" index="17" type="H4"/>
      <atom atmCharge="0.6123" bond12="5" bond13="1" bond14="-1" bondAngle="111.1" bondLength="1.522" bondTorsion="180.0" chain="M" identity=" C  " index="18" type="C"/>
      <atom atmCharge="-0.5713" bond12="18" bond13="5" bond14="1" bondAngle="120.5" bondLength="1.229" bondTorsion="0.0" chain="E" identity=" O  " index="19" type="O"/>
      <alias alias="N   " original=" N  "/>
      <alias alias="HA2 " original=" HA "/>
      <alias alias="2HB " original=" HB2"/>
      <alias alias="HN  " original=" H  "/>
      <alias alias=" HN " original=" H  "/>
      <alias alias="O1  " original=" O  "/>
      <alias alias="1HD " original=" HD1"/>
      <alias alias="1HE " original=" HE1"/>
      <alias alias="2HD " original=" HD2"/>
      <alias alias="3HB " original=" HB3"/>
      <loop Atom1="10" Atom2="16"/>
      <improper Atom1="10" Atom2="13" Atom3="11" Atom4="12"/>
      <improper Atom1="10" Atom2="15" Atom3="16" Atom4="17"/>
      <improper Atom1="11" Atom2="15" Atom3="13" Atom4="14"/>
    </fragment>
    <fragment identity="HISTIDINE DELTAH" symbol="HID" character="H" type="s">
      <atom atmCharge="0.1542" bond12="-1" bond13="-2" bond14="-3" bondAngle="116.6" bondLength="1.335" bondTorsion="180.0" chain="M" identity=" N  " index="1" type="N3"/>
      <atom atmCharge="0.1963" bond12="1" bond13="-1" bond14="-2" bondAngle="130.0" bondLength="1.01" bondTorsion="0.0" chain="E" identity=" H1 " index="2" type="H"/>
      <atom atmCharge="0.1963" bond12="1" bond13="-1" bond14="-2" bondAngle="60.0" bondLength="1.01" bondTorsion="90.0" chain="E" identity=" H2 " index="3" type="H"/>
      <atom atmCharge="0.1963" bond12="1" bond13="-1" bond14="-2" bondAngle="60.0" bondLength="1.01" bondTorsion="-90.0" chain="E" identity=" H3 " index="4" type="H"/>
      <atom atmCharge="0.0964" bond12="1" bond13="-1" bond14="-2" bondAngle="121.9" bondLength="1.449" bondTorsion="180.0" chain="M" identity=" CA " index="5" type="CT"/>
      <atom atmCharge="0.0958" bond12="5" bond13="1" bond14="-1" bondAngle="109.5" bondLength="1.09" bondTorsion="300.0" chain="E" identity=" HA " index="6" type="HP"/>
      <atom atmCharge="0.0259" bond12="5" bond13="1" bond14="-1" bondAngle="111.1" bondLength="1.525" bondTorsion="60.0" chain="3" identity=" CB " index="7" type="CT"/>
      <atom atmCharge="0.0209" bond12="7" bond13="5" bond14="1" bondAngle="109.5" bondLength="1.09" bondTorsion="300.0" chain="E" identity=" HB2" index="8" type="HC"/>
      <atom atmCharge="0.0209" bond12="7" bond13="5" bond14="1" bondAngle="109.5" bondLength="1.09" bondTorsion="60.0" chain="E" identity=" HB3" index="9" type="HC"/>
      <atom atmCharge="-0.0399" bond12="7" bond13="5" bond14="1" bondAngle="115.0" bondLength="1.51" bondTorsion="180.0" chain="S" identity=" CG " index="10" type="CC"/>
      <atom atmCharge="-0.3819" bond12="10" bond13="7" bond14="5" bondAngle="122.0" bondLength="1.39" bondTorsion="180.0" chain="B" identity=" ND1" index="11" type="NA"/>
      <atom atmCharge="0.3632" bond12="11" bond13="10" bond14="7" bondAngle="126.0" bondLength="1.01" bondTorsion="0.0" chain="E" identity=" HD1" index="12" type="H"/>
      <atom atmCharge="0.2127" bond12="11" bond13="10" bond14="7" bondAngle="108.0" bondLength="1.32" bondTorsion="180.0" chain="B" identity=" CE1" index="13" type="CR"/>
      <atom atmCharge="0.1385" bond12="13" bond13="11" bond14="10" bondAngle="120.0" bondLength="1.09" bondTorsion="180.0" chain="E" identity=" HE1" index="14" type="H5"/>
      <atom atmCharge="-0.5711" bond12="13" bond13="11" bond14="10" bondAngle="109.0" bondLength="1.31" bondTorsion="0.0" chain="S" identity=" NE2" index="15" type="NB"/>
      <atom atmCharge="0.1046" bond12="15" bond13="13" bond14="11" bondAngle="110.0" bondLength="1.36" bondTorsion="0.0" chain="S" identity=" CD2" index="16" type="CV"/>
      <atom atmCharge="0.1299" bond12="16" bond13="15" bond14="13" bondAngle="120.0" bondLength="1.09" bondTorsion="180.0" chain="E" identity=" HD2" index="17" type="H4"/>
      <atom atmCharge="0.6123" bond12="5" bond13="1" bond14="-1" bondAngle="111.1" bondLength="1.522" bondTorsion="180.0" chain="M" identity=" C  " index="18" type="C"/>
      <atom atmCharge="-0.5713" bond12="18" bond13="5" bond14="1" bondAngle="120.5" bondLength="1.229" bondTorsion="0.0" chain="E" identity=" O  " index="19" type="O"/>
      <alias alias="N   " original=" N  "/>
      <alias alias="HA2 " original=" HA "/>
      <alias alias="2HB " original=" HB2"/>
      <alias alias="HN  " original=" H  "/>
      <alias alias=" HN " original=" H  "/>
      <alias alias="O1  " original=" O  "/>
      <alias alias="1HD " original=" HD1"/>
      <alias alias="1HE " original=" HE1"/>
      <alias alias="2HD " original=" HD2"/>
      <alias alias="3HB " original=" HB3"/>
      <loop Atom1="10" Atom2="16"/>
      <improper Atom1="10" Atom2="13" Atom3="11" Atom4="12"/>
      <improper Atom1="10" Atom2="15" Atom3="16" Atom4="17"/>
      <improper Atom1="11" Atom2="15" Atom3="13" Atom4="14"/>
    </fragment>
    <fragment identity="HISTIDINE EPSILONH" symbol="HIE" character="H" type="s">
      <atom atmCharge="0.1472" bond12="-1" bond13="-2" bond14="-3" bondAngle="116.6" bondLength="1.335" bondTorsion="180.0" chain="M" identity=" N  " index="1" type="N3"/>
      <atom atmCharge="0.2016" bond12="1" bond13="-1" bond14="-2" bondAngle="130.0" bondLength="1.01" bondTorsion="0.0" chain="E" identity=" H1 " index="2" type="H"/>
      <atom atmCharge="0.2016" bond12="1" bond13="-1" bond14="-2" bondAngle="60.0" bondLength="1.01" bondTorsion="90.0" chain="E" identity=" H2 " index="3" type="H"/>
      <atom atmCharge="0.2016" bond12="1" bond13="-1" bond14="-2" bondAngle="60.0" bondLength="1.01" bondTorsion="-90.0" chain="E" identity=" H3 " index="4" type="H"/>
      <atom atmCharge="0.0236" bond12="1" bond13="-1" bond14="-2" bondAngle="121.9" bondLength="1.449" bondTorsion="180.0" chain="M" identity=" CA " index="5" type="CT"/>
      <atom atmCharge="0.138" bond12="5" bond13="1" bond14="-1" bondAngle="109.5" bondLength="1.09" bondTorsion="300.0" chain="E" identity=" HA " index="6" type="HP"/>
      <atom atmCharge="0.0489" bond12="5" bond13="1" bond14="-1" bondAngle="111.1" bondLength="1.525" bondTorsion="60.0" chain="3" identity=" CB " index="7" type="CT"/>
      <atom atmCharge="0.0223" bond12="7" bond13="5" bond14="1" bondAngle="109.5" bondLength="1.09" bondTorsion="300.0" chain="E" identity=" HB2" index="8" type="HC"/>
      <atom atmCharge="0.0223" bond12="7" bond13="5" bond14="1" bondAngle="109.5" bondLength="1.09" bondTorsion="60.0" chain="E" identity=" HB3" index="9" type="HC"/>
      <atom atmCharge="0.174" bond12="7" bond13="5" bond14="1" bondAngle="115.0" bondLength="1.51" bondTorsion="180.0" chain="S" identity=" CG " index="10" type="CC"/>
      <atom atmCharge="-0.5579" bond12="10" bond13="7" bond14="5" bondAngle="122.0" bondLength="1.39" bondTorsion="180.0" chain="S" identity=" ND1" index="11" type="NB"/>
      <atom atmCharge="0.1804" bond12="11" bond13="10" bond14="7" bondAngle="108.0" bondLength="1.32" bondTorsion="180.0" chain="B" identity=" CE1" index="12" type="CR"/>
      <atom atmCharge="0.1397" bond12="12" bond13="11" bond14="10" bondAngle="120.0" bondLength="1.09" bondTorsion="180.0" chain="E" identity=" HE1" index="13" type="H5"/>
      <atom atmCharge="-0.2781" bond12="12" bond13="11" bond14="10" bondAngle="109.0" bondLength="1.31" bondTorsion="0.0" chain="B" identity=" NE2" index="14" type="NA"/>
      <atom atmCharge="0.3324" bond12="14" bond13="12" bond14="11" bondAngle="125.0" bondLength="1.01" bondTorsion="180.0" chain="E" identity=" HE2" index="15" type="H"/>
      <atom atmCharge="-0.2349" bond12="14" bond13="12" bond14="11" bondAngle="110.0" bondLength="1.36" bondTorsion="0.0" chain="S" identity=" CD2" index="16" type="CW"/>
      <atom atmCharge="0.1963" bond12="16" bond13="14" bond14="12" bondAngle="120.0" bondLength="1.09" bondTorsion="180.0" chain="E" identity=" HD2" index="17" type="H4"/>
      <atom atmCharge="0.6123" bond12="5" bond13="1" bond14="-1" bondAngle="111.1" bondLength="1.522" bondTorsion="180.0" chain="M" identity=" C  " index="18" type="C"/>
      <atom atmCharge="-0.5713" bond12="18" bond13="5" bond14="1" bondAngle="120.5" bondLength="1.229" bondTorsion="0.0" chain="E" identity=" O  " index="19" type="O"/>
      <alias alias="N   " original=" N  "/>
      <alias alias="HA2 " original=" HA "/>
      <alias alias="2HB " original=" HB2"/>
      <alias alias="HN  " original=" H  "/>
      <alias alias=" HN " original=" H  "/>
      <alias alias="O1  " original=" O  "/>
      <alias alias="1HD " original=" HD1"/>
      <alias alias="1HE " original=" HE1"/>
      <alias alias="2HD " original=" HD2"/>
      <alias alias="3HB " original=" HB3"/>
      <loop Atom1="10" Atom2="16"/>
      <improper Atom1="12" Atom2="16" Atom3="14" Atom4="15"/>
      <improper Atom1="10" Atom2="14" Atom3="16" Atom4="17"/>
      <improper Atom1="11" Atom2="14" Atom3="12" Atom4="13"/>
    </fragment>
    <fragment identity="HISTIDINE PLUS" symbol="HIP" character="H" type="s">
      <atom atmCharge="0.256" bond12="-1" bond13="-2" bond14="-3" bondAngle="116.6" bondLength="1.335" bondTorsion="180.0" chain="M" identity=" N  " index="1" type="N3"/>
      <atom atmCharge="0.1704" bond12="1" bond13="-1" bond14="-2" bondAngle="130.0" bondLength="1.01" bondTorsion="0.0" chain="E" identity=" H1 " index="2" type="H"/>
      <atom atmCharge="0.1704" bond12="1" bond13="-1" bond14="-2" bondAngle="60.0" bondLength="1.01" bondTorsion="90.0" chain="E" identity=" H2 " index="3" type="H"/>
      <atom atmCharge="0.1704" bond12="1" bond13="-1" bond14="-2" bondAngle="60.0" bondLength="1.01" bondTorsion="-90.0" chain="E" identity=" H3 " index="4" type="H"/>
      <atom atmCharge="0.0581" bond12="1" bond13="-1" bond14="-2" bondAngle="121.9" bondLength="1.449" bondTorsion="180.0" chain="M" identity=" CA " index="5" type="CT"/>
      <atom atmCharge="0.1047" bond12="5" bond13="1" bond14="-1" bondAngle="109.5" bondLength="1.09" bondTorsion="300.0" chain="E" identity=" HA " index="6" type="HP"/>
      <atom atmCharge="0.0484" bond12="5" bond13="1" bond14="-1" bondAngle="111.1" bondLength="1.525" bondTorsion="60.0" chain="3" identity=" CB " index="7" type="CT"/>
      <atom atmCharge="0.0531" bond12="7" bond13="5" bond14="1" bondAngle="109.5" bondLength="1.09" bondTorsion="300.0" chain="E" identity=" HB2" index="8" type="HC"/>
      <atom atmCharge="0.0531" bond12="7" bond13="5" bond14="1" bondAngle="109.5" bondLength="1.09" bondTorsion="60.0" chain="E" identity=" HB3" index="9" type="HC"/>
      <atom atmCharge="-0.0236" bond12="7" bond13="5" bond14="1" bondAngle="115.0" bondLength="1.51" bondTorsion="180.0" chain="S" identity=" CG " index="10" type="CC"/>
      <atom atmCharge="-0.151" bond12="10" bond13="7" bond14="5" bondAngle="122.0" bondLength="1.39" bondTorsion="180.0" chain="B" identity=" ND1" index="11" type="NA"/>
      <atom atmCharge="0.3821" bond12="11" bond13="10" bond14="7" bondAngle="126.0" bondLength="1.01" bondTorsion="0.0" chain="E" identity=" HD1" index="12" type="H"/>
      <atom atmCharge="-0.0011" bond12="11" bond13="10" bond14="7" bondAngle="108.0" bondLength="1.32" bondTorsion="180.0" chain="B" identity=" CE1" index="13" type="CR"/>
      <atom atmCharge="0.2645" bond12="13" bond13="11" bond14="10" bondAngle="120.0" bondLength="1.09" bondTorsion="180.0" chain="E" identity=" HE1" index="14" type="H5"/>
      <atom atmCharge="-0.1739" bond12="13" bond13="11" bond14="10" bondAngle="109.0" bondLength="1.31" bondTorsion="0.0" chain="B" identity=" NE2" index="15" type="NA"/>
      <atom atmCharge="0.3921" bond12="15" bond13="13" bond14="11" bondAngle="125.0" bondLength="1.01" bondTorsion="180.0" chain="E" identity=" HE2" index="16" type="H"/>
      <atom atmCharge="-0.1433" bond12="15" bond13="13" bond14="11" bondAngle="110.0" bondLength="1.36" bondTorsion="0.0" chain="S" identity=" CD2" index="17" type="CW"/>
      <atom atmCharge="0.2495" bond12="17" bond13="15" bond14="13" bondAngle="120.0" bondLength="1.09" bondTorsion="180.0" chain="E" identity=" HD2" index="18" type="H4"/>
      <atom atmCharge="0.7214" bond12="5" bond13="1" bond14="-1" bondAngle="111.1" bondLength="1.522" bondTorsion="180.0" chain="M" identity=" C  " index="19" type="C"/>
      <atom atmCharge="-0.6013" bond12="19" bond13="5" bond14="1" bondAngle="120.5" bondLength="1.229" bondTorsion="0.0" chain="E" identity=" O  " index="20" type="O"/>
      <alias alias="1H  " original=" H1 "/>
      <alias alias="2H  " original=" H2 "/>
      <alias alias="3H  " original=" H3 "/>
      <loop Atom1="10" Atom2="17"/>
      <improper Atom1="10" Atom2="13" Atom3="11" Atom4="12"/>
      <improper Atom1="13" Atom2="17" Atom3="15" Atom4="16"/>
      <improper Atom1="10" Atom2="15" Atom3="17" Atom4="18"/>
      <improper Atom1="11" Atom2="15" Atom3="13" Atom4="14"/>
    </fragment>
    <fragment identity="TRYPTOPHAN" symbol="TRP" character="W" type="s">
      <atom atmCharge="0.1913" bond12="-1" bond13="-2" bond14="-3" bondAngle="116.6" bondLength="1.335" bondTorsion="180.0" chain="M" identity=" N  " index="1" type="N3"/>
      <atom atmCharge="0.1888" bond12="1" bond13="-1" bond14="-2" bondAngle="130.0" bondLength="1.01" bondTorsion="0.0" chain="E" identity=" H1 " index="2" type="H"/>
      <atom atmCharge="0.1888" bond12="1" bond13="-1" bond14="-2" bondAngle="60.0" bondLength="1.01" bondTorsion="90.0" chain="E" identity=" H2 " index="3" type="H"/>
      <atom atmCharge="0.1888" bond12="1" bond13="-1" bond14="-2" bondAngle="60.0" bondLength="1.01" bondTorsion="-90.0" chain="E" identity=" H3 " index="4" type="H"/>
      <atom atmCharge="0.0421" bond12="1" bond13="-1" bond14="-2" bondAngle="121.9" bondLength="1.449" bondTorsion="180.0" chain="M" identity=" CA " index="5" type="CT"/>
      <atom atmCharge="0.1162" bond12="5" bond13="1" bond14="-1" bondAngle="109.5" bondLength="1.09" bondTorsion="300.0" chain="E" identity=" HA " index="6" type="HP"/>
      <atom atmCharge="0.0543" bond12="5" bond13="1" bond14="-1" bondAngle="111.1" bondLength="1.525" bondTorsion="60.0" chain="3" identity=" CB " index="7" type="CT"/>
      <atom atmCharge="0.0222" bond12="7" bond13="5" bond14="1" bondAngle="109.5" bondLength="1.09" bondTorsion="300.0" chain="E" identity=" HB2" index="8" type="HC"/>
      <atom atmCharge="0.0222" bond12="7" bond13="5" bond14="1" bondAngle="109.5" bondLength="1.09" bondTorsion="60.0" chain="E" identity=" HB3" index="9" type="HC"/>
      <atom atmCharge="-0.1654" bond12="7" bond13="5" bond14="1" bondAngle="115.0" bondLength="1.51" bondTorsion="180.0" chain="S" identity=" CG " index="10" type="C*"/>
      <atom atmCharge="-0.1788" bond12="10" bond13="7" bond14="5" bondAngle="127.0" bondLength="1.34" bondTorsion="180.0" chain="B" identity=" CD1" index="11" type="CW"/>
      <atom atmCharge="0.2195" bond12="11" bond13="10" bond14="7" bondAngle="120.0" bondLength="1.09" bondTorsion="0.0" chain="E" identity=" HD1" index="12" type="H4"/>
      <atom atmCharge="-0.3444" bond12="11" bond13="10" bond14="7" bondAngle="107.0" bondLength="1.43" bondTorsion="180.0" chain="B" identity=" NE1" index="13" type="NA"/>
      <atom atmCharge="0.3412" bond12="13" bond13="11" bond14="10" bondAngle="125.5" bondLength="1.01" bondTorsion="180.0" chain="E" identity=" HE1" index="14" type="H"/>
      <atom atmCharge="0.1575" bond12="13" bond13="11" bond14="10" bondAngle="109.0" bondLength="1.31" bondTorsion="0.0" chain="S" identity=" CE2" index="15" type="CN"/>
      <atom atmCharge="-0.271" bond12="15" bond13="13" bond14="11" bondAngle="128.0" bondLength="1.4" bondTorsion="180.0" chain="B" identity=" CZ2" index="16" type="CA"/>
      <atom atmCharge="0.1589" bond12="16" bond13="15" bond14="13" bondAngle="120.0" bondLength="1.09" bondTorsion="0.0" chain="E" identity=" HZ2" index="17" type="HA"/>
      <atom atmCharge="-0.108" bond12="16" bond13="15" bond14="13" bondAngle="116.0" bondLength="1.39" bondTorsion="180.0" chain="B" identity=" CH2" index="18" type="CA"/>
      <atom atmCharge="0.1411" bond12="18" bond13="16" bond14="15" bondAngle="120.0" bondLength="1.09" bondTorsion="180.0" chain="E" identity=" HH2" index="19" type="HA"/>
      <atom atmCharge="-0.2034" bond12="18" bond13="16" bond14="15" bondAngle="121.0" bondLength="1.35" bondTorsion="0.0" chain="B" identity=" CZ3" index="20" type="CA"/>
      <atom atmCharge="0.1458" bond12="20" bond13="18" bond14="16" bondAngle="120.0" bondLength="1.09" bondTorsion="180.0" chain="E" identity=" HZ3" index="21" type="HA"/>
      <atom atmCharge="-0.2265" bond12="20" bond13="18" bond14="16" bondAngle="122.0" bondLength="1.41" bondTorsion="0.0" chain="B" identity=" CE3" index="22" type="CA"/>
      <atom atmCharge="0.1646" bond12="22" bond13="20" bond14="18" bondAngle="120.0" bondLength="1.09" bondTorsion="180.0" chain="E" identity=" HE3" index="23" type="HA"/>
      <atom atmCharge="0.1132" bond12="22" bond13="20" bond14="18" bondAngle="117.0" bondLength="1.4" bondTorsion="0.0" chain="E" identity=" CD2" index="24" type="CB"/>
      <atom atmCharge="0.6123" bond12="5" bond13="1" bond14="-1" bondAngle="111.1" bondLength="1.522" bondTorsion="180.0" chain="M" identity=" C  " index="25" type="C"/>
      <atom atmCharge="-0.5713" bond12="25" bond13="5" bond14="1" bondAngle="120.5" bondLength="1.229" bondTorsion="0.0" chain="E" identity=" O  " index="26" type="O"/>
      <alias alias="2HB " original=" HB2"/>
      <alias alias="3HE " original=" HE3"/>
      <alias alias="2HZ " original=" HZ2"/>
      <alias alias="1HD " original=" HD1"/>
      <alias alias="1HE " original=" HE1"/>
      <alias alias="3HZ " original=" HZ3"/>
      <alias alias="2HH " original=" HH2"/>
      <alias alias="3HB " original=" HB3"/>
      <loop Atom1="10" Atom2="24"/>
      <loop Atom1="15" Atom2="24"/>
      <improper Atom1="11" Atom2="15" Atom3="13" Atom4="14"/>
      <improper Atom1="15" Atom2="18" Atom3="16" Atom4="17"/>
      <improper Atom1="16" Atom2="20" Atom3="18" Atom4="19"/>
      <improper Atom1="18" Atom2="22" Atom3="20" Atom4="21"/>
      <improper Atom1="20" Atom2="24" Atom3="22" Atom4="23"/>
      <improper Atom1="10" Atom2="13" Atom3="11" Atom4="12"/>
    </fragment>
    <fragment identity="PHENYLALANINE" symbol="PHE" character="F" type="s">
      <atom atmCharge="0.1737" bond12="-1" bond13="-2" bond14="-3" bondAngle="116.6" bondLength="1.335" bondTorsion="180.0" chain="M" identity=" N  " index="1" type="N3"/>
      <atom atmCharge="0.1921" bond12="1" bond13="-1" bond14="-2" bondAngle="130.0" bondLength="1.01" bondTorsion="0.0" chain="E" identity=" H1 " index="2" type="H"/>
      <atom atmCharge="0.1921" bond12="1" bond13="-1" bond14="-2" bondAngle="60.0" bondLength="1.01" bondTorsion="90.0" chain="E" identity=" H2 " index="3" type="H"/>
      <atom atmCharge="0.1921" bond12="1" bond13="-1" bond14="-2" bondAngle="60.0" bondLength="1.01" bondTorsion="-90.0" chain="E" identity=" H3 " index="4" type="H"/>
      <atom atmCharge="0.0733" bond12="1" bond13="-1" bond14="-2" bondAngle="121.9" bondLength="1.449" bondTorsion="180.0" chain="M" identity=" CA " index="5" type="CT"/>
      <atom atmCharge="0.1041" bond12="5" bond13="1" bond14="-1" bondAngle="109.5" bondLength="1.09" bondTorsion="300.0" chain="E" identity=" HA " index="6" type="HP"/>
      <atom atmCharge="0.033" bond12="5" bond13="1" bond14="-1" bondAngle="111.1" bondLength="1.525" bondTorsion="60.0" chain="3" identity=" CB " index="7" type="CT"/>
      <atom atmCharge="0.0104" bond12="7" bond13="5" bond14="1" bondAngle="109.5" bondLength="1.09" bondTorsion="300.0" chain="E" identity=" HB2" index="8" type="HC"/>
      <atom atmCharge="0.0104" bond12="7" bond13="5" bond14="1" bondAngle="109.5" bondLength="1.09" bondTorsion="60.0" chain="E" identity=" HB3" index="9" type="HC"/>
      <atom atmCharge="0.0031" bond12="7" bond13="5" bond14="1" bondAngle="115.0" bondLength="1.51" bondTorsion="180.0" chain="S" identity=" CG " index="10" type="CA"/>
      <atom atmCharge="-0.1392" bond12="10" bond13="7" bond14="5" bondAngle="120.0" bondLength="1.4" bondTorsion="180.0" chain="B" identity=" CD1" index="11" type="CA"/>
      <atom atmCharge="0.1374" bond12="11" bond13="10" bond14="7" bondAngle="120.0" bondLength="1.09" bondTorsion="0.0" chain="E" identity=" HD1" index="12" type="HA"/>
      <atom atmCharge="-0.1602" bond12="11" bond13="10" bond14="7" bondAngle="120.0" bondLength="1.4" bondTorsion="180.0" chain="B" identity=" CE1" index="13" type="CA"/>
      <atom atmCharge="0.1433" bond12="13" bond13="11" bond14="10" bondAngle="120.0" bondLength="1.09" bondTorsion="180.0" chain="E" identity=" HE1" index="14" type="HA"/>
      <atom atmCharge="-0.1208" bond12="13" bond13="11" bond14="10" bondAngle="120.0" bondLength="1.4" bondTorsion="0.0" chain="B" identity=" CZ " index="15" type="CA"/>
      <atom atmCharge="0.1329" bond12="15" bond13="13" bond14="11" bondAngle="120.0" bondLength="1.09" bondTorsion="180.0" chain="E" identity=" HZ " index="16" type="HA"/>
      <atom atmCharge="-0.1603" bond12="15" bond13="13" bond14="11" bondAngle="120.0" bondLength="1.4" bondTorsion="0.0" chain="B" identity=" CE2" index="17" type="CA"/>
      <atom atmCharge="0.1433" bond12="17" bond13="15" bond14="13" bondAngle="120.0" bondLength="1.09" bondTorsion="180.0" chain="E" identity=" HE2" index="18" type="HA"/>
      <atom atmCharge="-0.1391" bond12="17" bond13="15" bond14="13" bondAngle="120.0" bondLength="1.4" bondTorsion="0.0" chain="S" identity=" CD2" index="19" type="CA"/>
      <atom atmCharge="0.1374" bond12="19" bond13="17" bond14="15" bondAngle="120.0" bondLength="1.09" bondTorsion="180.0" chain="E" identity=" HD2" index="20" type="HA"/>
      <atom atmCharge="0.6123" bond12="5" bond13="1" bond14="-1" bondAngle="111.1" bondLength="1.522" bondTorsion="180.0" chain="M" identity=" C  " index="21" type="C"/>
      <atom atmCharge="-0.5713" bond12="21" bond13="5" bond14="1" bondAngle="120.5" bondLength="1.229" bondTorsion="0.0" chain="E" identity=" O  " index="22" type="O"/>
      <alias alias="2HB " original=" HB2"/>
      <alias alias="1HD " original=" HD1"/>
      <alias alias="1HE " original=" HE1"/>
      <alias alias="2HE " original=" HE2"/>
      <alias alias="2HD " original=" HD2"/>
      <alias alias="3HB " original=" HB3"/>
      <loop Atom1="10" Atom2="19"/>
      <improper Atom1="10" Atom2="17" Atom3="19" Atom4="20"/>
      <improper Atom1="19" Atom2="15" Atom3="17" Atom4="18"/>
      <improper Atom1="11" Atom2="15" Atom3="13" Atom4="14"/>
      <improper Atom1="10" Atom2="13" Atom3="11" Atom4="12"/>
    </fragment>
    <fragment identity="TYROSINE" symbol="TYR" character="Y" type="s">
      <atom atmCharge="0.194" bond12="-1" bond13="-2" bond14="-3" bondAngle="116.6" bondLength="1.335" bondTorsion="180.0" chain="M" identity=" N  " index="1" type="N3"/>
      <atom atmCharge="0.1873" bond12="1" bond13="-1" bond14="-2" bondAngle="130.0" bondLength="1.01" bondTorsion="0.0" chain="E" identity=" H1 " index="2" type="H"/>
      <atom atmCharge="0.1873" bond12="1" bond13="-1" bond14="-2" bondAngle="60.0" bondLength="1.01" bondTorsion="90.0" chain="E" identity=" H2 " index="3" type="H"/>
      <atom atmCharge="0.1873" bond12="1" bond13="-1" bond14="-2" bondAngle="60.0" bondLength="1.01" bondTorsion="-90.0" chain="E" identity=" H3 " index="4" type="H"/>
      <atom atmCharge="0.057" bond12="1" bond13="-1" bond14="-2" bondAngle="121.9" bondLength="1.449" bondTorsion="180.0" chain="M" identity=" CA " index="5" type="CT"/>
      <atom atmCharge="0.0983" bond12="5" bond13="1" bond14="-1" bondAngle="109.5" bondLength="1.09" bondTorsion="300.0" chain="E" identity=" HA " index="6" type="HP"/>
      <atom atmCharge="0.0659" bond12="5" bond13="1" bond14="-1" bondAngle="111.1" bondLength="1.525" bondTorsion="60.0" chain="3" identity=" CB " index="7" type="CT"/>
      <atom atmCharge="0.0102" bond12="7" bond13="5" bond14="1" bondAngle="109.5" bondLength="1.09" bondTorsion="300.0" chain="E" identity=" HB2" index="8" type="HC"/>
      <atom atmCharge="0.0102" bond12="7" bond13="5" bond14="1" bondAngle="109.5" bondLength="1.09" bondTorsion="60.0" chain="E" identity=" HB3" index="9" type="HC"/>
      <atom atmCharge="-0.0205" bond12="7" bond13="5" bond14="1" bondAngle="109.47" bondLength="1.51" bondTorsion="180.0" chain="S" identity=" CG " index="10" type="CA"/>
      <atom atmCharge="-0.2002" bond12="10" bond13="7" bond14="5" bondAngle="120.0" bondLength="1.4" bondTorsion="180.0" chain="B" identity=" CD1" index="11" type="CA"/>
      <atom atmCharge="0.172" bond12="11" bond13="10" bond14="7" bondAngle="120.0" bondLength="1.09" bondTorsion="0.0" chain="E" identity=" HD1" index="12" type="HA"/>
      <atom atmCharge="-0.2239" bond12="11" bond13="10" bond14="7" bondAngle="120.0" bondLength="1.4" bondTorsion="180.0" chain="B" identity=" CE1" index="13" type="CA"/>
      <atom atmCharge="0.165" bond12="13" bond13="11" bond14="10" bondAngle="120.0" bondLength="1.09" bondTorsion="180.0" chain="E" identity=" HE1" index="14" type="HA"/>
      <atom atmCharge="0.3139" bond12="13" bond13="11" bond14="10" bondAngle="120.0" bondLength="1.4" bondTorsion="0.0" chain="B" identity=" CZ " index="15" type="C"/>
      <atom atmCharge="-0.5578" bond12="15" bond13="13" bond14="11" bondAngle="120.0" bondLength="1.36" bondTorsion="180.0" chain="S" identity=" OH " index="16" type="OH"/>
      <atom atmCharge="0.4001" bond12="16" bond13="15" bond14="13" bondAngle="113.0" bondLength="0.96" bondTorsion="0.0" chain="E" identity=" HH " index="17" type="HO"/>
      <atom atmCharge="-0.2239" bond12="15" bond13="13" bond14="11" bondAngle="120.0" bondLength="1.4" bondTorsion="0.0" chain="B" identity=" CE2" index="18" type="CA"/>
      <atom atmCharge="0.165" bond12="18" bond13="15" bond14="13" bondAngle="120.0" bondLength="1.09" bondTorsion="180.0" chain="E" identity=" HE2" index="19" type="HA"/>
      <atom atmCharge="-0.2002" bond12="18" bond13="15" bond14="13" bondAngle="120.0" bondLength="1.4" bondTorsion="0.0" chain="S" identity=" CD2" index="20" type="CA"/>
      <atom atmCharge="0.172" bond12="20" bond13="18" bond14="15" bondAngle="120.0" bondLength="1.09" bondTorsion="180.0" chain="E" identity=" HD2" index="21" type="HA"/>
      <atom atmCharge="0.6123" bond12="5" bond13="1" bond14="-1" bondAngle="111.1" bondLength="1.522" bondTorsion="180.0" chain="M" identity=" C  " index="22" type="C"/>
      <atom atmCharge="-0.5713" bond12="22" bond13="5" bond14="1" bondAngle="120.5" bondLength="1.229" bondTorsion="0.0" chain="E" identity=" O  " index="23" type="O"/>
      <alias alias="2HB " original=" HB2"/>
      <alias alias="1HD " original=" HD1"/>
      <alias alias="1HE " original=" HE1"/>
      <alias alias="2HE " original=" HE2"/>
      <alias alias="2HD " original=" HD2"/>
      <alias alias="3HB " original=" HB3"/>
      <loop Atom1="10" Atom2="20"/>
      <improper Atom1="10" Atom2="18" Atom3="20" Atom4="21"/>
      <improper Atom1="20" Atom2="15" Atom3="18" Atom4="19"/>
      <improper Atom1="11" Atom2="15" Atom3="13" Atom4="14"/>
      <improper Atom1="10" Atom2="13" Atom3="11" Atom4="12"/>
      <improper Atom1="13" Atom2="18" Atom3="15" Atom4="16"/>
    </fragment>
    <fragment identity="GLUTAMIC ACID" symbol="GLU" character="E" type="s">
      <atom atmCharge="0.0017" bond12="-1" bond13="-2" bond14="-3" bondAngle="116.6" bondLength="1.335" bondTorsion="180.0" chain="M" identity=" N  " index="1" type="N3"/>
      <atom atmCharge="0.2391" bond12="1" bond13="-1" bond14="-2" bondAngle="130.0" bondLength="1.01" bondTorsion="0.0" chain="E" identity=" H1 " index="2" type="H"/>
      <atom atmCharge="0.2391" bond12="1" bond13="-1" bond14="-2" bondAngle="60.0" bondLength="1.01" bondTorsion="90.0" chain="E" identity=" H2 " index="3" type="H"/>
      <atom atmCharge="0.2391" bond12="1" bond13="-1" bond14="-2" bondAngle="60.0" bondLength="1.01" bondTorsion="-90.0" chain="E" identity=" H3 " index="4" type="H"/>
      <atom atmCharge="0.0588" bond12="1" bond13="-1" bond14="-2" bondAngle="121.9" bondLength="1.449" bondTorsion="180.0" chain="M" identity=" CA " index="5" type="CT"/>
      <atom atmCharge="0.1202" bond12="5" bond13="1" bond14="-1" bondAngle="109.5" bondLength="1.09" bondTorsion="300.0" chain="E" identity=" HA " index="6" type="HP"/>
      <atom atmCharge="0.0909" bond12="5" bond13="1" bond14="-1" bondAngle="111.1" bondLength="1.525" bondTorsion="60.0" chain="3" identity=" CB " index="7" type="CT"/>
      <atom atmCharge="-0.0232" bond12="7" bond13="5" bond14="1" bondAngle="109.5" bondLength="1.09" bondTorsion="300.0" chain="E" identity=" HB2" index="8" type="HC"/>
      <atom atmCharge="-0.0232" bond12="7" bond13="5" bond14="1" bondAngle="109.5" bondLength="1.09" bondTorsion="60.0" chain="E" identity=" HB3" index="9" type="HC"/>
      <atom atmCharge="-0.0236" bond12="7" bond13="5" bond14="1" bondAngle="109.47" bondLength="1.51" bondTorsion="180.0" chain="3" identity=" CG " index="10" type="CT"/>
      <atom atmCharge="-0.0315" bond12="10" bond13="7" bond14="5" bondAngle="109.5" bondLength="1.09" bondTorsion="300.0" chain="E" identity=" HG2" index="11" type="HC"/>
      <atom atmCharge="-0.0315" bond12="10" bond13="7" bond14="5" bondAngle="109.5" bondLength="1.09" bondTorsion="60.0" chain="E" identity=" HG3" index="12" type="HC"/>
      <atom atmCharge="0.8087" bond12="10" bond13="7" bond14="5" bondAngle="109.47" bondLength="1.527" bondTorsion="180.0" chain="B" identity=" CD " index="13" type="C"/>
      <atom atmCharge="-0.8189" bond12="13" bond13="10" bond14="7" bondAngle="117.2" bondLength="1.26" bondTorsion="90.0" chain="E" identity=" OE1" index="14" type="O2"/>
      <atom atmCharge="-0.8189" bond12="13" bond13="10" bond14="7" bondAngle="117.2" bondLength="1.26" bondTorsion="270.0" chain="E" identity=" OE2" index="15" type="O2"/>
      <atom atmCharge="0.5621" bond12="5" bond13="1" bond14="-1" bondAngle="111.1" bondLength="1.522" bondTorsion="180.0" chain="M" identity=" C  " index="16" type="C"/>
      <atom atmCharge="-0.5889" bond12="16" bond13="5" bond14="1" bondAngle="120.5" bondLength="1.229" bondTorsion="0.0" chain="E" identity=" O  " index="17" type="O"/>
      <alias alias="2HG " original=" HG2"/>
      <alias alias="3HG " original=" HG3"/>
      <alias alias="3HB " original=" HB3"/>
      <alias alias="2HB " original=" HB2"/>
      <improper Atom1="10" Atom2="14" Atom3="13" Atom4="15"/>
    </fragment>
    <fragment identity="ASPARTIC ACID" symbol="ASP" character="D" type="s">
      <atom atmCharge="0.0782" bond12="-1" bond13="-2" bond14="-3" bondAngle="116.6" bondLength="1.335" bondTorsion="180.0" chain="M" identity=" N  " index="1" type="N3"/>
      <atom atmCharge="0.22" bond12="1" bond13="-1" bond14="-2" bondAngle="130.0" bondLength="1.01" bondTorsion="0.0" chain="E" identity=" H1 " index="2" type="H"/>
      <atom atmCharge="0.22" bond12="1" bond13="-1" bond14="-2" bondAngle="60.0" bondLength="1.01" bondTorsion="90.0" chain="E" identity=" H2 " index="3" type="H"/>
      <atom atmCharge="0.22" bond12="1" bond13="-1" bond14="-2" bondAngle="60.0" bondLength="1.01" bondTorsion="-90.0" chain="E" identity=" H3 " index="4" type="H"/>
      <atom atmCharge="0.0292" bond12="1" bond13="-1" bond14="-2" bondAngle="121.9" bondLength="1.449" bondTorsion="180.0" chain="M" identity=" CA " index="5" type="CT"/>
      <atom atmCharge="0.1141" bond12="5" bond13="1" bond14="-1" bondAngle="109.5" bondLength="1.09" bondTorsion="300.0" chain="E" identity=" HA " index="6" type="HP"/>
      <atom atmCharge="-0.0235" bond12="5" bond13="1" bond14="-1" bondAngle="111.1" bondLength="1.525" bondTorsion="60.0" chain="3" identity=" CB " index="7" type="CT"/>
      <atom atmCharge="-0.0169" bond12="7" bond13="5" bond14="1" bondAngle="109.5" bondLength="1.09" bondTorsion="300.0" chain="E" identity=" HB2" index="8" type="HC"/>
      <atom atmCharge="-0.0169" bond12="7" bond13="5" bond14="1" bondAngle="109.5" bondLength="1.09" bondTorsion="60.0" chain="E" identity=" HB3" index="9" type="HC"/>
      <atom atmCharge="0.8194" bond12="7" bond13="5" bond14="1" bondAngle="109.47" bondLength="1.527" bondTorsion="180.0" chain="B" identity=" CG " index="10" type="C"/>
      <atom atmCharge="-0.8084" bond12="10" bond13="7" bond14="5" bondAngle="117.2" bondLength="1.26" bondTorsion="90.0" chain="E" identity=" OD1" index="11" type="O2"/>
      <atom atmCharge="-0.8084" bond12="10" bond13="7" bond14="5" bondAngle="117.2" bondLength="1.26" bondTorsion="270.0" chain="E" identity=" OD2" index="12" type="O2"/>
      <atom atmCharge="0.5621" bond12="5" bond13="1" bond14="-1" bondAngle="111.1" bondLength="1.522" bondTorsion="180.0" chain="M" identity=" C  " index="13" type="C"/>
      <atom atmCharge="-0.5889" bond12="13" bond13="5" bond14="1" bondAngle="120.5" bondLength="1.229" bondTorsion="0.0" chain="E" identity=" O  " index="14" type="O"/>
      <alias alias="3HB " original=" HB3"/>
      <alias alias="2HB " original=" HB2"/>
      <improper Atom1="7" Atom2="11" Atom3="10" Atom4="12"/>
    </fragment>
    <fragment identity="LYSINE" symbol="LYS" character="K" type="s">
      <atom atmCharge="0.0966" bond12="-1" bond13="-2" bond14="-3" bondAngle="116.6" bondLength="1.335" bondTorsion="180.0" chain="M" identity=" N  " index="1" type="N3"/>
      <atom atmCharge="0.2165" bond12="1" bond13="-1" bond14="-2" bondAngle="130.0" bondLength="1.01" bondTorsion="0.0" chain="E" identity=" H1 " index="2" type="H"/>
      <atom atmCharge="0.2165" bond12="1" bond13="-1" bond14="-2" bondAngle="60.0" bondLength="1.01" bondTorsion="90.0" chain="E" identity=" H2 " index="3" type="H"/>
      <atom atmCharge="0.2165" bond12="1" bond13="-1" bond14="-2" bondAngle="60.0" bondLength="1.01" bondTorsion="-90.0" chain="E" identity=" H3 " index="4" type="H"/>
      <atom atmCharge="-0.0015" bond12="1" bond13="-1" bond14="-2" bondAngle="121.9" bondLength="1.449" bondTorsion="180.0" chain="M" identity=" CA " index="5" type="CT"/>
      <atom atmCharge="0.118" bond12="5" bond13="1" bond14="-1" bondAngle="109.5" bondLength="1.09" bondTorsion="300.0" chain="E" identity=" HA " index="6" type="HP"/>
      <atom atmCharge="0.0212" bond12="5" bond13="1" bond14="-1" bondAngle="111.1" bondLength="1.525" bondTorsion="60.0" chain="3" identity=" CB " index="7" type="CT"/>
      <atom atmCharge="0.0283" bond12="7" bond13="5" bond14="1" bondAngle="109.5" bondLength="1.09" bondTorsion="300.0" chain="E" identity=" HB2" index="8" type="HC"/>
      <atom atmCharge="0.0283" bond12="7" bond13="5" bond14="1" bondAngle="109.5" bondLength="1.09" bondTorsion="60.0" chain="E" identity=" HB3" index="9" type="HC"/>
      <atom atmCharge="-0.0048" bond12="7" bond13="5" bond14="1" bondAngle="109.47" bondLength="1.525" bondTorsion="180.0" chain="3" identity=" CG " index="10" type="CT"/>
      <atom atmCharge="0.0121" bond12="10" bond13="7" bond14="5" bondAngle="109.5" bondLength="1.09" bondTorsion="300.0" chain="E" identity=" HG2" index="11" type="HC"/>
      <atom atmCharge="0.0121" bond12="10" bond13="7" bond14="5" bondAngle="109.5" bondLength="1.09" bondTorsion="60.0" chain="E" identity=" HG3" index="12" type="HC"/>
      <atom atmCharge="-0.0608" bond12="10" bond13="7" bond14="5" bondAngle="109.47" bondLength="1.525" bondTorsion="180.0" chain="3" identity=" CD " index="13" type="CT"/>
      <atom atmCharge="0.0633" bond12="13" bond13="10" bond14="7" bondAngle="109.5" bondLength="1.09" bondTorsion="300.0" chain="E" identity=" HD2" index="14" type="HC"/>
      <atom atmCharge="0.0633" bond12="13" bond13="10" bond14="7" bondAngle="109.5" bondLength="1.09" bondTorsion="60.0" chain="E" identity=" HD3" index="15" type="HC"/>
      <atom atmCharge="-0.0181" bond12="13" bond13="10" bond14="7" bondAngle="109.47" bondLength="1.525" bondTorsion="180.0" chain="3" identity=" CE " index="16" type="CT"/>
      <atom atmCharge="0.1171" bond12="16" bond13="13" bond14="10" bondAngle="109.5" bondLength="1.09" bondTorsion="300.0" chain="E" identity=" HE2" index="17" type="HP"/>
      <atom atmCharge="0.1171" bond12="16" bond13="13" bond14="10" bondAngle="109.5" bondLength="1.09" bondTorsion="60.0" chain="E" identity=" HE3" index="18" type="HP"/>
      <atom atmCharge="-0.3764" bond12="16" bond13="13" bond14="10" bondAngle="109.47" bondLength="1.47" bondTorsion="180.0" chain="3" identity=" NZ " index="19" type="N3"/>
      <atom atmCharge="0.3382" bond12="19" bond13="16" bond14="13" bondAngle="109.47" bondLength="1.01" bondTorsion="60.0" chain="E" identity=" HZ1" index="20" type="H"/>
      <atom atmCharge="0.3382" bond12="19" bond13="16" bond14="13" bondAngle="109.47" bondLength="1.01" bondTorsion="180.0" chain="E" identity=" HZ2" index="21" type="H"/>
      <atom atmCharge="0.3382" bond12="19" bond13="16" bond14="13" bondAngle="109.47" bondLength="1.01" bondTorsion="300.0" chain="E" identity=" HZ3" index="22" type="H"/>
      <atom atmCharge="0.7214" bond12="5" bond13="1" bond14="-1" bondAngle="111.1" bondLength="1.522" bondTorsion="180.0" chain="M" identity=" C  " index="23" type="C"/>
      <atom atmCharge="-0.6013" bond12="23" bond13="5" bond14="1" bondAngle="120.5" bondLength="1.229" bondTorsion="0.0" chain="E" identity=" O  " index="24" type="O"/>
      <alias alias="2HB " original=" HB2"/>
      <alias alias="3HD " original=" HD3"/>
      <alias alias="3HE " original=" HE3"/>
      <alias alias="2HZ " original=" HZ2"/>
      <alias alias="1HZ " original=" HZ1"/>
      <alias alias="3HG " original=" HG3"/>
      <alias alias="2HE " original=" HE2"/>
      <alias alias="2HD " original=" HD2"/>
      <alias alias="3HZ " original=" HZ3"/>
      <alias alias="2HG " original=" HG2"/>
      <alias alias="3HB " original=" HB3"/>
    </fragment>
    <fragment identity="PROLINE" symbol="PRO" character="P" type="s">
      <atom atmCharge="-0.202" bond12="-1" bond13="-2" bond14="-3" bondAngle="116.6" bondLength="1.335" bondTorsion="180.0" chain="M" identity=" N  " index="1" type="N3"/>
      <atom atmCharge="0.312" bond12="1" bond13="-1" bond14="-2" bondAngle="60.0" bondLength="1.01" bondTorsion="90.0" chain="E" identity=" H2 " index="2" type="H"/>
      <atom atmCharge="0.312" bond12="1" bond13="-1" bond14="-2" bondAngle="60.0" bondLength="1.01" bondTorsion="-90.0" chain="E" identity=" H3 " index="3" type="H"/>
      <atom atmCharge="-0.012" bond12="1" bond13="-1" bond14="-2" bondAngle="126.1" bondLength="1.458" bondTorsion="356.1" chain="3" identity=" CD " index="4" type="CT"/>
      <atom atmCharge="0.1" bond12="4" bond13="1" bond14="-1" bondAngle="109.5" bondLength="1.09" bondTorsion="80.0" chain="E" identity=" HD2" index="5" type="HP"/>
      <atom atmCharge="0.1" bond12="4" bond13="1" bond14="-1" bondAngle="109.5" bondLength="1.09" bondTorsion="320.0" chain="E" identity=" HD3" index="6" type="HP"/>
      <atom atmCharge="-0.121" bond12="4" bond13="1" bond14="-1" bondAngle="103.2" bondLength="1.5" bondTorsion="200.1" chain="3" identity=" CG " index="7" type="CT"/>
      <atom atmCharge="0.1" bond12="7" bond13="4" bond14="1" bondAngle="109.5" bondLength="1.09" bondTorsion="218.0" chain="E" identity=" HG2" index="8" type="HC"/>
      <atom atmCharge="0.1" bond12="7" bond13="4" bond14="1" bondAngle="109.5" bondLength="1.09" bondTorsion="98.0" chain="E" identity=" HG3" index="9" type="HC"/>
      <atom atmCharge="-0.115" bond12="7" bond13="4" bond14="1" bondAngle="106.0" bondLength="1.51" bondTorsion="338.3" chain="B" identity=" CB " index="10" type="CT"/>
      <atom atmCharge="0.1" bond12="10" bond13="7" bond14="4" bondAngle="109.5" bondLength="1.09" bondTorsion="256.3" chain="E" identity=" HB2" index="11" type="HC"/>
      <atom atmCharge="0.1" bond12="10" bond13="7" bond14="4" bondAngle="109.5" bondLength="1.09" bondTorsion="136.3" chain="E" identity=" HB3" index="12" type="HC"/>
      <atom atmCharge="0.1" bond12="1" bond13="-1" bond14="-2" bondAngle="120.6" bondLength="1.451" bondTorsion="175.2" chain="M" identity=" CA " index="13" type="CT"/>
      <atom atmCharge="0.1" bond12="13" bond13="1" bond14="-1" bondAngle="109.5" bondLength="1.09" bondTorsion="60.0" chain="E" identity=" HA " index="14" type="HP"/>
      <atom atmCharge="0.526" bond12="13" bond13="1" bond14="-1" bondAngle="109.5" bondLength="1.522" bondTorsion="300.0" chain="M" identity=" C  " index="15" type="C"/>
      <atom atmCharge="-0.5" bond12="15" bond13="13" bond14="1" bondAngle="120.5" bondLength="1.229" bondTorsion="0.0" chain="E" identity=" O  " index="16" type="O"/>
      <alias alias="2HB " original=" HB2"/>
      <alias alias="3HD " original=" HD3"/>
      <alias alias="3HG " original=" HG3"/>
      <alias alias="2HD " original=" HD2"/>
      <alias alias="2HG " original=" HG2"/>
      <alias alias="3HB " original=" HB3"/>
      <loop Atom1="10" Atom2="13"/>
    </fragment>
    <fragment identity="CYSTEINE" symbol="CYS" character="C" type="s">
      <atom atmCharge="0.1325" bond12="-1" bond13="-2" bond14="-3" bondAngle="116.6" bondLength="1.335" bondTorsion="180.0" chain="M" identity=" N  " index="1" type="N3"/>
      <atom atmCharge="0.2023" bond12="1" bond13="-1" bond14="-2" bondAngle="130.0" bondLength="1.01" bondTorsion="0.0" chain="E" identity=" H1 " index="2" type="H"/>
      <atom atmCharge="0.2023" bond12="1" bond13="-1" bond14="-2" bondAngle="60.0" bondLength="1.01" bondTorsion="90.0" chain="E" identity=" H2 " index="3" type="H"/>
      <atom atmCharge="0.2023" bond12="1" bond13="-1" bond14="-2" bondAngle="60.0" bondLength="1.01" bondTorsion="-90.0" chain="E" identity=" H3 " index="4" type="H"/>
      <atom atmCharge="0.0927" bond12="1" bond13="-1" bond14="-2" bondAngle="121.9" bondLength="1.449" bondTorsion="180.0" chain="M" identity=" CA " index="5" type="CT"/>
      <atom atmCharge="0.1411" bond12="5" bond13="1" bond14="-1" bondAngle="109.5" bondLength="1.09" bondTorsion="300.0" chain="E" identity=" HA " index="6" type="HP"/>
      <atom atmCharge="-0.1195" bond12="5" bond13="1" bond14="-1" bondAngle="111.1" bondLength="1.525" bondTorsion="60.0" chain="3" identity=" CB " index="7" type="CT"/>
      <atom atmCharge="0.1188" bond12="7" bond13="5" bond14="1" bondAngle="109.5" bondLength="1.09" bondTorsion="300.0" chain="E" identity=" HB2" index="8" type="H1"/>
      <atom atmCharge="0.1188" bond12="7" bond13="5" bond14="1" bondAngle="109.5" bondLength="1.09" bondTorsion="60.0" chain="E" identity=" HB3" index="9" type="H1"/>
      <atom atmCharge="-0.3298" bond12="7" bond13="5" bond14="1" bondAngle="116.0" bondLength="1.81" bondTorsion="180.0" chain="S" identity=" SG " index="10" type="SH"/>
      <atom atmCharge="0.1975" bond12="10" bond13="7" bond14="5" bondAngle="96.0" bondLength="1.33" bondTorsion="180.0" chain="E" identity=" HSG" index="11" type="HS"/>
      <atom atmCharge="0.6123" bond12="5" bond13="1" bond14="-1" bondAngle="111.1" bondLength="1.522" bondTorsion="180.0" chain="M" identity=" C  " index="12" type="C"/>
      <atom atmCharge="-0.5713" bond12="12" bond13="5" bond14="1" bondAngle="120.5" bondLength="1.229" bondTorsion="0.0" chain="E" identity=" O  " index="13" type="O"/>
      <alias alias=" HG " original=" HSG"/>
      <alias alias="HG  " original=" HSG"/>
      <alias alias="3HB " original=" HB3"/>
      <alias alias="2HB " original=" HB2"/>
    </fragment>
    <fragment identity="CYSTINE(S-S BRIDGE)" symbol="CYX" character="C" type="s">
      <atom atmCharge="0.2069" bond12="-1" bond13="-2" bond14="-3" bondAngle="116.6" bondLength="1.335" bondTorsion="180.0" chain="M" identity=" N  " index="1" type="N3"/>
      <atom atmCharge="0.1815" bond12="1" bond13="-1" bond14="-2" bondAngle="130.0" bondLength="1.01" bondTorsion="0.0" chain="E" identity=" H1 " index="2" type="H"/>
      <atom atmCharge="0.1815" bond12="1" bond13="-1" bond14="-2" bondAngle="60.0" bondLength="1.01" bondTorsion="90.0" chain="E" identity=" H2 " index="3" type="H"/>
      <atom atmCharge="0.1815" bond12="1" bond13="-1" bond14="-2" bondAngle="60.0" bondLength="1.01" bondTorsion="-90.0" chain="E" identity=" H3 " index="4" type="H"/>
      <atom atmCharge="0.1055" bond12="1" bond13="-1" bond14="-2" bondAngle="121.9" bondLength="1.449" bondTorsion="180.0" chain="M" identity=" CA " index="5" type="CT"/>
      <atom atmCharge="0.0922" bond12="5" bond13="1" bond14="-1" bondAngle="109.5" bondLength="1.09" bondTorsion="300.0" chain="E" identity=" HA " index="6" type="HP"/>
      <atom atmCharge="-0.0277" bond12="5" bond13="1" bond14="-1" bondAngle="111.1" bondLength="1.525" bondTorsion="60.0" chain="3" identity=" CB " index="7" type="CT"/>
      <atom atmCharge="0.068" bond12="7" bond13="5" bond14="1" bondAngle="109.5" bondLength="1.09" bondTorsion="300.0" chain="E" identity=" HB2" index="8" type="H1"/>
      <atom atmCharge="0.068" bond12="7" bond13="5" bond14="1" bondAngle="109.5" bondLength="1.09" bondTorsion="60.0" chain="E" identity=" HB3" index="9" type="H1"/>
      <atom atmCharge="-0.0984" bond12="7" bond13="5" bond14="1" bondAngle="116.0" bondLength="1.81" bondTorsion="180.0" chain="E" identity=" SG " index="10" type="S"/>
      <atom atmCharge="0.6123" bond12="5" bond13="1" bond14="-1" bondAngle="111.1" bondLength="1.522" bondTorsion="180.0" chain="M" identity=" C  " index="11" type="C"/>
      <atom atmCharge="-0.5713" bond12="11" bond13="5" bond14="1" bondAngle="120.5" bondLength="1.229" bondTorsion="0.0" chain="E" identity=" O  " index="12" type="O"/>
      <alias alias="3HB " original=" HB3"/>
      <alias alias="2HB " original=" HB2"/>
      <alias alias=" N1 " original=" N  "/>
      <alias alias=" C1 " original=" C  "/>
      <alias alias=" O1 " original=" O  "/>
    </fragment>
    <fragment identity="METHIONINE" symbol="MET" character="M" type="s">
      <atom atmCharge="0.1592" bond12="-1" bond13="-2" bond14="-3" bondAngle="116.6" bondLength="1.335" bondTorsion="180.0" chain="M" identity=" N  " index="1" type="N3"/>
      <atom atmCharge="0.1984" bond12="1" bond13="-1" bond14="-2" bondAngle="130.0" bondLength="1.01" bondTorsion="0.0" chain="E" identity=" H1 " index="2" type="H"/>
      <atom atmCharge="0.1984" bond12="1" bond13="-1" bond14="-2" bondAngle="60.0" bondLength="1.01" bondTorsion="90.0" chain="E" identity=" H2 " index="3" type="H"/>
      <atom atmCharge="0.1984" bond12="1" bond13="-1" bond14="-2" bondAngle="60.0" bondLength="1.01" bondTorsion="-90.0" chain="E" identity=" H3 " index="4" type="H"/>
      <atom atmCharge="0.0221" bond12="1" bond13="-1" bond14="-2" bondAngle="121.9" bondLength="1.449" bondTorsion="180.0" chain="M" identity=" CA " index="5" type="CT"/>
      <atom atmCharge="0.1116" bond12="5" bond13="1" bond14="-1" bondAngle="109.5" bondLength="1.09" bondTorsion="300.0" chain="E" identity=" HA " index="6" type="HP"/>
      <atom atmCharge="0.0865" bond12="5" bond13="1" bond14="-1" bondAngle="111.1" bondLength="1.525" bondTorsion="60.0" chain="3" identity=" CB " index="7" type="CT"/>
      <atom atmCharge="0.0125" bond12="7" bond13="5" bond14="1" bondAngle="109.5" bondLength="1.09" bondTorsion="300.0" chain="E" identity=" HB2" index="8" type="HC"/>
      <atom atmCharge="0.0125" bond12="7" bond13="5" bond14="1" bondAngle="109.5" bondLength="1.09" bondTorsion="60.0" chain="E" identity=" HB3" index="9" type="HC"/>
      <atom atmCharge="0.0334" bond12="7" bond13="5" bond14="1" bondAngle="109.47" bondLength="1.525" bondTorsion="180.0" chain="3" identity=" CG " index="10" type="CT"/>
      <atom atmCharge="0.0292" bond12="10" bond13="7" bond14="5" bondAngle="109.5" bondLength="1.09" bondTorsion="300.0" chain="E" identity=" HG2" index="11" type="H1"/>
      <atom atmCharge="0.0292" bond12="10" bond13="7" bond14="5" bondAngle="109.5" bondLength="1.09" bondTorsion="60.0" chain="E" identity=" HG3" index="12" type="H1"/>
      <atom atmCharge="-0.2774" bond12="10" bond13="7" bond14="5" bondAngle="110.0" bondLength="1.81" bondTorsion="180.0" chain="S" identity=" SD " index="13" type="S"/>
      <atom atmCharge="-0.0341" bond12="13" bond13="10" bond14="7" bondAngle="100.0" bondLength="1.78" bondTorsion="180.0" chain="3" identity=" CE " index="14" type="CT"/>
      <atom atmCharge="0.0597" bond12="14" bond13="13" bond14="10" bondAngle="109.5" bondLength="1.09" bondTorsion="60.0" chain="E" identity=" HE1" index="15" type="H1"/>
      <atom atmCharge="0.0597" bond12="14" bond13="13" bond14="10" bondAngle="109.5" bondLength="1.09" bondTorsion="180.0" chain="E" identity=" HE2" index="16" type="H1"/>
      <atom atmCharge="0.0597" bond12="14" bond13="13" bond14="10" bondAngle="109.5" bondLength="1.09" bondTorsion="300.0" chain="E" identity=" HE3" index="17" type="H1"/>
      <atom atmCharge="0.6123" bond12="5" bond13="1" bond14="-1" bondAngle="111.1" bondLength="1.522" bondTorsion="180.0" chain="M" identity=" C  " index="18" type="C"/>
      <atom atmCharge="-0.5713" bond12="18" bond13="5" bond14="1" bondAngle="120.5" bondLength="1.229" bondTorsion="0.0" chain="E" identity=" O  " index="19" type="O"/>
      <alias alias="1H  " original=" H1 "/>
      <alias alias="2H  " original=" H2 "/>
      <alias alias="3H  " original=" H3 "/>
      <alias alias="1HB " original=" HB3"/>
      <alias alias="2HB " original=" HB2"/>
      <alias alias="3HB " original=" HB3"/>
      <alias alias="1HG " original=" HG3"/>
      <alias alias="3HG " original=" HG3"/>
      <alias alias="2HG " original=" HG2"/>
      <alias alias="3HE " original=" HE3"/>
      <alias alias="1HE " original=" HE1"/>
      <alias alias="2HE " original=" HE2"/>
    </fragment>
  </group>
</stdLib>
