<atomtypes name="AMBER">
 <atomtype name="C " element="C" hybridization="sp2" description="sp2 C carbonyl group ">
  <parameter name="rvalue" value="1.9080" />
  <parameter name="evalue" value="0.0860" />
 </atomtype>
 <atomtype name="CA" element="C" hybridization="sp2" description="sp2 C pure aromatic (benzene)">
  <parameter name="rvalue" value="1.9080" />
  <parameter name="evalue" value="0.0860" />
 </atomtype>
 <atomtype name="CB" element="C" hybridization="sp2" description="sp2 aromatic C, 5 and 6 membered ring junction">
  <parameter name="rvalue" value="1.9080" />
  <parameter name="evalue" value="0.0860" />
 </atomtype>
 <atomtype name="CC" element="C" hybridization="sp2" description="sp2 aromatic C, 5 memb. ring HIS">
  <parameter name="rvalue" value="1.9080" />
  <parameter name="evalue" value="0.0860" />
 </atomtype>
 <atomtype name="CK" element="C" hybridization="sp2" description="sp2 C 5 memb.ring in purines">
  <parameter name="rvalue" value="1.9080" />
  <parameter name="evalue" value="0.0860" />
 </atomtype>
 <atomtype name="CM" element="C" hybridization="sp2" description="sp2 C  pyrimidines in pos. 5 and 6">
  <parameter name="rvalue" value="1.9080" />
  <parameter name="evalue" value="0.0860" />
 </atomtype>
 <atomtype name="CN" element="C" hybridization="sp2" description="sp2 C aromatic 5 and 6 memb.ring junct.(TRP)">
  <parameter name="rvalue" value="1.9080" />
  <parameter name="evalue" value="0.0860" />
 </atomtype>
 <atomtype name="CQ" element="C" hybridization="sp2" description="sp2 C in 5 mem.ring of purines between 2 N">
  <parameter name="rvalue" value="1.9080" />
  <parameter name="evalue" value="0.0860" />
 </atomtype>
 <atomtype name="CR" element="C" hybridization="sp2" description="sp2 arom as CQ but in HIS">
  <parameter name="rvalue" value="1.9080" />
  <parameter name="evalue" value="0.0860" />
 </atomtype>
 <atomtype name="CT" element="C" hybridization="sp3" description="sp3 aliphatic C">
  <parameter name="rvalue" value="1.9080" />
  <parameter name="evalue" value="0.1094" />
 </atomtype>
 <atomtype name="CV" element="C" hybridization="sp2" description="sp2 arom. 5 memb.ring w/1 N and 1 H (HIS)">
  <parameter name="rvalue" value="1.9080" />
  <parameter name="evalue" value="0.0860" />
 </atomtype>
 <atomtype name="CW" element="C" hybridization="sp2" description="sp2 arom. 5 memb.ring w/1 N-H and 1 H (HIS)">
  <parameter name="rvalue" value="1.9080" />
  <parameter name="evalue" value="0.0860" />
 </atomtype>
 <atomtype name="C*" element="C" hybridization="sp2" description="sp2 arom. 5 memb.ring w/1 subst. (TRP)">
  <parameter name="rvalue" value="1.9080" />
  <parameter name="evalue" value="0.0860" />
 </atomtype>
 <atomtype name="F " element="F" hybridization="sp" description="fluorine">
  <parameter name="rvalue" value="1.75" />
  <parameter name="evalue" value="0.061" />
 </atomtype>
 <atomtype name="H " element="H" hybridization="s" description="H bonded to nitrogen atoms">
  <parameter name="rvalue" value="0.6000" />
  <parameter name="evalue" value="0.0157" />
 </atomtype>
 <atomtype name="HC" element="H" hybridization="s" description="H aliph. bond. to C without electrwd.group">
  <parameter name="rvalue" value="1.4870" />
  <parameter name="evalue" value="0.0157" />
 </atomtype>
 <atomtype name="H1" element="H" hybridization="s" description="H aliph. bond. to C with 1 electrwd. group">
  <parameter name="rvalue" value="1.3870" />
  <parameter name="evalue" value="0.0157" />
 </atomtype>
 <atomtype name="H2" element="H" hybridization="s" description="H aliph. bond. to C with 2 electrwd.groups">
  <parameter name="rvalue" value="1.2870" />
  <parameter name="evalue" value="0.0157" />
 </atomtype>
 <atomtype name="H3" element="H" hybridization="s" description="H aliph. bond. to C with 3 eletrwd.groups">
  <parameter name="rvalue" value="1.1870" />
  <parameter name="evalue" value="0.0157" />
 </atomtype>
 <atomtype name="HA" element="H" hybridization="s" description="H arom. bond. to C without elctrwd. groups">
  <parameter name="rvalue" value="1.4590" />
  <parameter name="evalue" value="0.0150" />
 </atomtype>
 <atomtype name="H4" element="H" hybridization="s" description="H arom. bond. to C with 1 electrwd. group">
  <parameter name="rvalue" value="1.4090" />
  <parameter name="evalue" value="0.0150" />
 </atomtype>
 <atomtype name="H5" element="H" hybridization="s" description="H arom. bond. to C with 2 electrwd. groups">
  <parameter name="rvalue" value="1.3590" />
  <parameter name="evalue" value="0.0150" />
 </atomtype>
 <atomtype name="HO" element="H" hybridization="s" description="hydroxyl group">
  <parameter name="rvalue" value="0.0000" />
  <parameter name="evalue" value="0.0000" />
 </atomtype>
 <atomtype name="HS" element="H" hybridization="s" description="hydrogen bonded to sulphur">
  <parameter name="rvalue" value="0.6000" />
  <parameter name="evalue" value="0.0157" />
 </atomtype>
 <atomtype name="HW" element="H" hybridization="s" description="H in TIP3P water">
  <parameter name="rvalue" value="0.0000" />
  <parameter name="evalue" value="0.0000" />
 </atomtype>
 <atomtype name="HP" element="H" hybridization="s" description="H bonded to C next to positively charged gr">
  <parameter name="rvalue" value="1.1000" />
  <parameter name="evalue" value="0.0157" />
 </atomtype>
 <atomtype name="I " element="I" hybridization="sp" description="iodine">
  <parameter name="rvalue" value="2.35" />
  <parameter name="evalue" value="0.40" />
 </atomtype>
 <atomtype name="IM" element="Cl" hybridization="sp" description="assumed to be Cl-">
  <parameter name="rvalue" value="2.47" />
  <parameter name="evalue" value="0.1" />
 </atomtype>
 <atomtype name="IP" element="Na" hybridization="s" description="assumed to be Na+">
  <parameter name="rvalue" value="1.8680" />
  <parameter name="evalue" value="0.00277" />
 </atomtype>
 <atomtype name="N " element="N" hybridization="sp2" description="sp2 nitrogen in amide groups">
  <parameter name="rvalue" value="1.8240" />
  <parameter name="evalue" value="0.1700" />
 </atomtype>
 <atomtype name="NA" element="N" hybridization="sp2" description="sp2 N in 5 memb.ring w/H atom (HIS)">
  <parameter name="rvalue" value="1.8240" />
  <parameter name="evalue" value="0.1700" />
 </atomtype>
 <atomtype name="NB" element="N" hybridization="sp2" description="sp2 N in 5 memb.ring w/LP (HIS,ADE,GUA)">
  <parameter name="rvalue" value="1.8240" />
  <parameter name="evalue" value="0.1700" />
 </atomtype>
 <atomtype name="NC" element="N" hybridization="sp2" description="sp2 N in 6 memb.ring w/LP (ADE,GUA)">
  <parameter name="rvalue" value="1.8240" />
  <parameter name="evalue" value="0.1700" />
 </atomtype>
 <atomtype name="N2" element="N" hybridization="sp2" description="sp2 N in amino groups">
  <parameter name="rvalue" value="1.8240" />
  <parameter name="evalue" value="0.1700" />
 </atomtype>
 <atomtype name="N3" element="N" hybridization="sp3" description="sp3 N for charged amino groups (Lys, etc)">
  <parameter name="rvalue" value="1.8240" />
  <parameter name="evalue" value="0.1700" />
 </atomtype>
 <atomtype name="N*" element="N" hybridization="sp2" description="sp2 N ">
  <parameter name="rvalue" value="1.8240" />
  <parameter name="evalue" value="0.1700" />
 </atomtype>
 <atomtype name="O " element="O" hybridization="sp2" description="carbonyl group oxygen">
  <parameter name="rvalue" value="1.6612" />
  <parameter name="evalue" value="0.2100" />
 </atomtype>
 <atomtype name="OW" element="O" hybridization="sp3" description="oxygen in TIP3P water">
  <parameter name="rvalue" value="1.7683" />
  <parameter name="evalue" value="0.1520" />
 </atomtype>
 <atomtype name="OH" element="O" hybridization="sp3" description="oxygen in hydroxyl group">
  <parameter name="rvalue" value="1.7210" />
  <parameter name="evalue" value="0.2104" />
 </atomtype>
 <atomtype name="OS" element="O" hybridization="sp3" description="ether and ester oxygen">
  <parameter name="rvalue" value="1.6837" />
  <parameter name="evalue" value="0.1700" />
 </atomtype>
 <atomtype name="O2" element="O" hybridization="sp2" description="carboxyl and phosphate group oxygen">
  <parameter name="rvalue" value="1.6612" />
  <parameter name="evalue" value="0.2100" />
 </atomtype>
 <atomtype name="P" element="P" hybridization="sp3d" description="phosphate">
  <parameter name="rvalue" value="2.1000" />
  <parameter name="evalue" value="0.2000" />
 </atomtype>
 <atomtype name="S " element="S" hybridization="sp3" description="sulphur in disulfide linkage">
  <parameter name="rvalue" value="2.0000" />
  <parameter name="evalue" value="0.2500" />
 </atomtype>
 <atomtype name="SH" element="S" hybridization="sp3" description="sulphur in cystine">
  <parameter name="rvalue" value="2.0000" />
  <parameter name="evalue" value="0.2500" />
 </atomtype>
 <atomtype name="Li" element="Li" hybridization="s" description="lithium">
  <parameter name="rvalue" value="1.1370" />
  <parameter name="evalue" value="0.0183" />
 </atomtype>
 <atomtype name="K " element="K" hybridization="s" description="potassium">
  <parameter name="rvalue" value="2.6580" />
  <parameter name="evalue" value="0.000328" />
 </atomtype>
 <atomtype name="Rb" element="Rb" hybridization="s" description="rubidium">
  <parameter name="rvalue" value="2.9560" />
  <parameter name="evalue" value="0.00017" />
 </atomtype>
 <atomtype name="Cs" element="Cs" hybridization="s" description="cesium">
  <parameter name="rvalue" value="3.3950" />
  <parameter name="evalue" value="0.0000806" />
 </atomtype>
</atomtypes>
