<atomtypes name="gaff">
 <atomtype name="c" element="C" hybridization="sp2" description="Sp2 C carbonyl group ">
  <parameter name="rvalue" value="1.9080" />
  <parameter name="evalue" value="0.0860" />
 </atomtype>
 <atomtype name="c1" element="C" hybridization="sp" description="Sp C">
  <parameter name="rvalue" value="1.9080" />
  <parameter name="evalue" value="0.0860" />
 </atomtype>
 <atomtype name="c2" element="C" hybridization="sp2" description="Sp2 C">
  <parameter name="rvalue" value="1.9080" />
  <parameter name="evalue" value="0.0860" />
 </atomtype>
 <atomtype name="c3" element="C" hybridization="sp3" description="Sp3 C">
  <parameter name="rvalue" value="1.9080" />
  <parameter name="evalue" value="0.1094" />
 </atomtype>
 <atomtype name="ca" element="C" hybridization="sp2" description="Sp2 C in pure aromatic systems">
  <parameter name="rvalue" value="1.9080" />
  <parameter name="evalue" value="0.0860" />
 </atomtype>
 <atomtype name="cp" element="C" hybridization="sp2" description="Head Sp2 C that connect two rings in biphenyl sys">
  <parameter name="rvalue" value="1.9080" />
  <parameter name="evalue" value="0.0860" />
 </atomtype>
 <atomtype name="cq" element="C" hybridization="sp2" description="Head Sp2 C that connect two rings in biphenyl sys. identical to cp">
  <parameter name="rvalue" value="1.9080" />
  <parameter name="evalue" value="0.0860" />
 </atomtype>
 <atomtype name="cc" element="C" hybridization="sp2" description="Sp2 carbons in non-pure aromatic systems">
  <parameter name="rvalue" value="1.9080" />
  <parameter name="evalue" value="0.0860" />
 </atomtype>
 <atomtype name="cd" element="C" hybridization="sp2" description="Sp2 carbons in non-pure aromatic systems, identical to cc">
  <parameter name="rvalue" value="1.9080" />
  <parameter name="evalue" value="0.0860" />
 </atomtype>
 <atomtype name="ce" element="C" hybridization="sp2" description="Inner Sp2 carbons in conjugated systems">
  <parameter name="rvalue" value="1.9080" />
  <parameter name="evalue" value="0.0860" />
 </atomtype>
 <atomtype name="cf" element="C" hybridization="sp2" description="Inner Sp2 carbons in conjugated systems, identical to ce">
  <parameter name="rvalue" value="1.9080" />
  <parameter name="evalue" value="0.0860" />
 </atomtype>
 <atomtype name="cg" element="C" hybridization="sp" description="Inner Sp carbons in conjugated systems">
  <parameter name="rvalue" value="1.9080" />
  <parameter name="evalue" value="0.0860" />
 </atomtype>
 <atomtype name="ch" element="C" hybridization="sp" description="Inner Sp carbons in conjugated systems, identical to cg">
  <parameter name="rvalue" value="1.9080" />
  <parameter name="evalue" value="0.0860" />
 </atomtype>
 <atomtype name="cx" element="C" hybridization="sp3" description="Sp3 carbons in triangle systems">
  <parameter name="rvalue" value="1.9080" />
  <parameter name="evalue" value="0.0860" />
 </atomtype>
 <atomtype name="cy" element="C" hybridization="sp3" description="Sp3 carbons in square systems">
  <parameter name="rvalue" value="1.9080" />
  <parameter name="evalue" value="0.0860" />
 </atomtype>
 <atomtype name="cu" element="C" hybridization="sp2" description="Sp2 carbons in triangle systems">
  <parameter name="rvalue" value="1.9080" />
  <parameter name="evalue" value="0.0860" />
 </atomtype>
 <atomtype name="cv" element="C" hybridization="sp2" description="Sp2 carbons in square systems">
  <parameter name="rvalue" value="1.9080" />
  <parameter name="evalue" value="0.0860" />
 </atomtype>
 <atomtype name="h1" element="H" hybridization="s" description="H bonded to aliphatic carbon with 1 electrwd. group  ">
  <parameter name="rvalue" value="1.3870" />
  <parameter name="evalue" value="0.0157" />
 </atomtype>
 <atomtype name="h2" element="H" hybridization="s" description="H bonded to aliphatic carbon with 2 electrwd. group ">
  <parameter name="rvalue" value="1.2870" />
  <parameter name="evalue" value="0.0157" />
 </atomtype>
 <atomtype name="h3" element="H" hybridization="s" description="H bonded to aliphatic carbon with 3 electrwd. group ">
  <parameter name="rvalue" value="1.1870" />
  <parameter name="evalue" value="0.0157" />
 </atomtype>
 <atomtype name="h4" element="H" hybridization="s" description="H bonded to non-sp3 carbon with 1 electrwd. group ">
  <parameter name="rvalue" value="1.4090" />
  <parameter name="evalue" value="0.0150" />
 </atomtype>
 <atomtype name="h5" element="H" hybridization="s" description="H bonded to non-sp3 carbon with 2 electrwd. group ">
  <parameter name="rvalue" value="1.3590" />
  <parameter name="evalue" value="0.0150" />
 </atomtype>
 <atomtype name="ha" element="H" hybridization="s" description="H bonded to aromatic carbon  ">
  <parameter name="rvalue" value="1.4590" />
  <parameter name="evalue" value="0.0150" />
 </atomtype>
 <atomtype name="hc" element="H" hybridization="s" description="H bonded to aliphatic carbon without electrwd. group ">
  <parameter name="rvalue" value="1.4870" />
  <parameter name="evalue" value="0.0157" />
 </atomtype>
 <atomtype name="hn" element="H" hybridization="s" description="H bonded to nitrogen atoms">
  <parameter name="rvalue" value="0.6000" />
  <parameter name="evalue" value="0.0157" />
 </atomtype>
 <atomtype name="ho" element="H" hybridization="s" description="Hydroxyl group">
  <parameter name="rvalue" value="0.0000" />
  <parameter name="evalue" value="0.0000" />
 </atomtype>
 <atomtype name="hp" element="H" hybridization="s" description="H bonded to phosphate ">
  <parameter name="rvalue" value="0.6000" />
  <parameter name="evalue" value="0.0157" />
 </atomtype>
 <atomtype name="hs" element="H" hybridization="s" description="Hydrogen bonded to sulphur ">
  <parameter name="rvalue" value="0.6000" />
  <parameter name="evalue" value="0.0157" />
 </atomtype>
 <atomtype name="hw" element="H" hybridization="s" description="Hydrogen in water ">
  <parameter name="rvalue" value="0.0000" />
  <parameter name="evalue" value="0.0000" />
 </atomtype>
 <atomtype name="hx" element="H" hybridization="s" description="H bonded to C next to positively charged group  ">
  <parameter name="rvalue" value="1.1000" />
  <parameter name="evalue" value="0.0157" />
 </atomtype>
 <atomtype name="f" element="F" hybridization="sp" description="Fluorine">
  <parameter name="rvalue" value="1.7500" />
  <parameter name="evalue" value="0.0610" />
 </atomtype>
 <atomtype name="cl" element="Cl" hybridization="sp" description="Chlorine ">
  <parameter name="rvalue" value="1.9480" />
  <parameter name="evalue" value="0.2650" />
 </atomtype>
 <atomtype name="br" element="Br" hybridization="sp" description="Bromine ">
  <parameter name="rvalue" value="2.2200" />
  <parameter name="evalue" value="0.3200" />
 </atomtype>
 <atomtype name="i" element="I" hybridization="sp" description="Iodine ">
  <parameter name="rvalue" value="2.3500" />
  <parameter name="evalue" value="0.4000" />
 </atomtype>
 <atomtype name="n" element="N" hybridization="sp2" description="Sp2 nitrogen in amide groups">
  <parameter name="rvalue" value="1.8240" />
  <parameter name="evalue" value="0.1700" />
 </atomtype>
 <atomtype name="n1" element="N" hybridization="sp" description="Sp N  ">
  <parameter name="rvalue" value="1.8240" />
  <parameter name="evalue" value="0.1700" />
 </atomtype>
 <atomtype name="n2" element="N" hybridization="sp2" description="aliphatic Sp2 N with two connected atoms ">
  <parameter name="rvalue" value="1.8240" />
  <parameter name="evalue" value="0.1700" />
 </atomtype>
 <atomtype name="n3" element="N" hybridization="sp3" description="Sp3 N with three connected atoms">
  <parameter name="rvalue" value="1.8240" />
  <parameter name="evalue" value="0.1700" />
 </atomtype>
 <atomtype name="n4" element="N" hybridization="sp3" description="Sp3 N with four connected atoms ">
  <parameter name="rvalue" value="1.8240" />
  <parameter name="evalue" value="0.1700" />
 </atomtype>
 <atomtype name="na" element="N" hybridization="sp2" description="Sp2 N with three connected atoms ">
  <parameter name="rvalue" value="1.8240" />
  <parameter name="evalue" value="0.1700" />
 </atomtype>
 <atomtype name="nb" element="N" hybridization="sp2" description="Sp2 N in pure aromatic systems ">
  <parameter name="rvalue" value="1.8240" />
  <parameter name="evalue" value="0.1700" />
 </atomtype>
 <atomtype name="nc" element="N" hybridization="sp2" description="Sp2 N in non-pure aromatic systems">
  <parameter name="rvalue" value="1.8240" />
  <parameter name="evalue" value="0.1700" />
 </atomtype>
 <atomtype name="nd" element="N" hybridization="sp2" description="Sp2 N in non-pure aromatic systems, identical to nc">
  <parameter name="rvalue" value="1.8240" />
  <parameter name="evalue" value="0.1700" />
 </atomtype>
 <atomtype name="ne" element="N" hybridization="sp2" description="Inner Sp2 N in conjugated systems">
  <parameter name="rvalue" value="1.8240" />
  <parameter name="evalue" value="0.1700" />
 </atomtype>
 <atomtype name="nf" element="N" hybridization="sp2" description="Inner Sp2 N in conjugated systems, identical to ne">
  <parameter name="rvalue" value="1.8240" />
  <parameter name="evalue" value="0.1700" />
 </atomtype>
 <atomtype name="nh" element="N" hybridization="sp3" description="Amine N connected one or more aromatic rings ">
  <parameter name="rvalue" value="1.8240" />
  <parameter name="evalue" value="0.1700" />
 </atomtype>
 <atomtype name="no" element="N" hybridization="sp2" description="Nitro N  ">
  <parameter name="rvalue" value="1.8240" />
  <parameter name="evalue" value="0.1700" />
 </atomtype>
 <atomtype name="o" element="O" hybridization="sp2" description="Oxygen with one connected atom">
  <parameter name="rvalue" value="1.6612" />
  <parameter name="evalue" value="0.2100" />
 </atomtype>
 <atomtype name="oh" element="O" hybridization="sp3" description="Oxygen in hydroxyl group">
  <parameter name="rvalue" value="1.7210" />
  <parameter name="evalue" value="0.2104" />
 </atomtype>
 <atomtype name="os" element="O" hybridization="sp3" description="Ether and ester oxygen">
  <parameter name="rvalue" value="1.6837" />
  <parameter name="evalue" value="0.1700" />
 </atomtype>
 <atomtype name="ow" element="O" hybridization="sp3" description="Oxygen in water ">
  <parameter name="rvalue" value="1.7683" />
  <parameter name="evalue" value="0.1520" />
 </atomtype>
 <atomtype name="p2" element="P" hybridization="sp3d" description="Phosphate with two connected atoms ">
  <parameter name="rvalue" value="2.1000" />
  <parameter name="evalue" value="0.2000" />
 </atomtype>
 <atomtype name="p3" element="P" hybridization="sp3d" description="Phosphate with three connected atoms, such as PH3">
  <parameter name="rvalue" value="2.1000" />
  <parameter name="evalue" value="0.2000" />
 </atomtype>
 <atomtype name="p4" element="P" hybridization="sp3d" description="Phosphate with three connected atoms, such as O=P(CH3)2">
  <parameter name="rvalue" value="2.1000" />
  <parameter name="evalue" value="0.2000" />
 </atomtype>
 <atomtype name="p5" element="P" hybridization="sp3d" description="Phosphate with four connected atoms, such as O=P(OH)3">
  <parameter name="rvalue" value="2.1000" />
  <parameter name="evalue" value="0.2000" />
 </atomtype>
 <atomtype name="pb" element="P" hybridization="sp2" description="Sp2 P in pure aromatic systems ">
  <parameter name="rvalue" value="2.1000" />
  <parameter name="evalue" value="0.2000" />
 </atomtype>
 <atomtype name="pc" element="P" hybridization="sp2" description="Sp2 P in non-pure aromatic systems">
  <parameter name="rvalue" value="2.1000" />
  <parameter name="evalue" value="0.2000" />
 </atomtype>
 <atomtype name="pd" element="P" hybridization="sp2" description="Sp2 P in non-pure aromatic systems, identical to pc">
  <parameter name="rvalue" value="2.1000" />
  <parameter name="evalue" value="0.2000" />
 </atomtype>
 <atomtype name="pe" element="P" hybridization="sp2" description="Inner Sp2 P in conjugated systems">
  <parameter name="rvalue" value="2.1000" />
  <parameter name="evalue" value="0.2000" />
 </atomtype>
 <atomtype name="pf" element="P" hybridization="sp2" description="Inner Sp2 P in conjugated systems, identical to pe">
  <parameter name="rvalue" value="2.1000" />
  <parameter name="evalue" value="0.2000" />
 </atomtype>
 <atomtype name="px" element="P" hybridization="sp2" description="Special p4 in conjugated systems">
  <parameter name="rvalue" value="2.1000" />
  <parameter name="evalue" value="0.2000" />
 </atomtype>
 <atomtype name="py" element="P" hybridization="sp2" description="Special p5 in conjugated systems">
  <parameter name="rvalue" value="2.1000" />
  <parameter name="evalue" value="0.2000" />
 </atomtype>
 <atomtype name="s" element="S" hybridization="sp2" description="S with one connected atom ">
  <parameter name="rvalue" value="2.0000" />
  <parameter name="evalue" value="0.2500" />
 </atomtype>
 <atomtype name="s2" element="S" hybridization="sp2" description="S with two connected atom, involved at least one double bond  ">
  <parameter name="rvalue" value="2.0000" />
  <parameter name="evalue" value="0.2500" />
 </atomtype>
 <atomtype name="s4" element="S" hybridization="sp2" description="S with three connected atoms ">
  <parameter name="rvalue" value="2.0000" />
  <parameter name="evalue" value="0.2500" />
 </atomtype>
 <atomtype name="s6" element="S" hybridization="sp3" description="S with four connected atoms ">
  <parameter name="rvalue" value="2.0000" />
  <parameter name="evalue" value="0.2500" />
 </atomtype>
 <atomtype name="sh" element="S" hybridization="sp3" description="Sp3 S connected with hydrogen ">
  <parameter name="rvalue" value="2.0000" />
  <parameter name="evalue" value="0.2500" />
 </atomtype>
 <atomtype name="ss" element="S" hybridization="sp3" description="Sp3 S in thio-ester and thio-ether">
  <parameter name="rvalue" value="2.0000" />
  <parameter name="evalue" value="0.2500" />
 </atomtype>
 <atomtype name="sx" element="S" hybridization="sp2" description="Special s4 in conjugated systems">
  <parameter name="rvalue" value="2.0000" />
  <parameter name="evalue" value="0.2500" />
 </atomtype>
 <atomtype name="sy" element="S" hybridization="sp2" description="Special s6 in conjugated systems">
  <parameter name="rvalue" value="2.0000" />
  <parameter name="evalue" value="0.2500" />
 </atomtype>
</atomtypes>
