<elementlist comment="covalentRadius: Ref^ Meng E. C. and Lewis R. A. J. Comp. Chem. 12, 891-898, 1991; vdwRadius: Ref^ Bondi A., J. Phys. Chem., 68, 441">
<element number="0" name="X" symbol="X" mass="0.00" group="0" period="0" radius="0.1" red="0.0" green="0.0" blue="0.0" valence="0" filledShell="0" covalentRadius="0.0" vdWRadius="0.0" paulingEN="0.0" />
<element number="1" name="Hydrogen" symbol="H" mass="1.00794" group="1" period="1" red="1.0" green="1.0" blue="1.0" valence="1" filledShell="2" covalentRadius="0.23" vdWRadius="1.2" paulingEN="2.2" seHams="MNDO AM1 PM3 MNDOD PDDG-PM3 MNDONMR" />
<element number="2" name="Helium" symbol="He" mass="4.0026" group="18" period="1" red="0.0" green="1.0" blue="1.0" valence="2" filledShell="2" covalentRadius="1.5" vdWRadius="1.4" paulingEN="0.0" />
<element number="3" name="Lithium" symbol="Li" mass="6.941" group="1" period="2" red="0.0" green="1.0" blue="1.0" valence="1" filledShell="8" covalentRadius="0.68" vdWRadius="1.82" paulingEN="0.98" seHams="MNDO AM1 MNDOD MNDONMR" />
<element number="4" name="Beryllium" symbol="Be" mass="9.012182" group="2" period="2" red="0.0" green="1.0" blue="1.0" valence="2" filledShell="8" covalentRadius="0.35" vdWRadius="2.0" paulingEN="1.57" seHams="MNDO AM1 PM3 MNDOD PDDG-PM3 MNDONMR" />
<element number="5" name="Boron" symbol="B" mass="10.811" group="13" period="2" red="0.0" green="1.0" blue="1.0" valence="3" filledShell="8"  covalentRadius="0.83" vdWRadius="2.0" paulingEN="2.04" seHams="MNDO AM1 MNDOD MNDONMR" />
<element number="6" name="Carbon" symbol="C" mass="12.011" group="14" period="2" red="0.0" green="0.545" blue="0.0" valence="4" filledShell="8" covalentRadius="0.68" vdWRadius="1.7" paulingEN="2.55" seHams="MNDO AM1 PM3 MNDOD PDDG-PM3 MNDONMR" />
<element number="7" name="Nitrogen" symbol="N" mass="14.00674" group="15" period="2" red="0.52" green="0.44" blue="1.0" valence="5" filledShell="8" covalentRadius="0.68" vdWRadius="1.55" paulingEN="3.04" seHams="MNDO AM1 PM3 MNDOD PDDG-PM3 MNDONMR" />
<element number="8" name="Oxygen" symbol="O" mass="15.9994" group="16" period="2" red="1.0" green="0.0" blue="0.0" valence="6" filledShell="8" covalentRadius="0.68" vdWRadius="1.52" paulingEN="3.44" seHams="MNDO AM1 PM3 MNDOD PDDG-PM3 MNDONMR" />
<element number="9" name="Fluorine" symbol="F" mass="18.9984032" group="17" period="2" red="0.0" green="1.0" blue="1.0" valence="7" filledShell="8" covalentRadius="0.64" vdWRadius="1.47" paulingEN="3.98" seHams="MNDO AM1 PM3 MNDOD PDDG-PM3" />
<element number="10" name="Neon" symbol="Ne" mass="20.1797" group="18" period="2" red="0.0" green="1.0" blue="1.0" valence="8" filledShell="8" covalentRadius="1.5" vdWRadius="1.54" paulingEN="0.0"/>
<element number="11" name="Sodium" symbol="Na" mass="22.989768" group="1" period="3" red="0.0" green="1.0" blue="1.0" valence="1" filledShell="8" covalentRadius="0.97" vdWRadius="2.27" paulingEN="0.93" seHams="MNDO AM1 PM3 MNDOD" />
<element number="12" name="Magnesium" symbol="Mg" mass="24.305" group="2" period="3" red="0.0" green="1.0" blue="1.0" valence="2" filledShell="8" covalentRadius="1.1" vdWRadius="1.73" paulingEN="1.31" seHams="PM3 MNDOD" />
<element number="13" name="Aluminum" symbol="Al" mass="26.981539" group="13" period="3" red="0.0" green="1.0" blue="1.0" valence="3" filledShell="8" covalentRadius="1.35" vdWRadius="2.0" paulingEN="1.61" seHams="MNDO AM1 PM3 MNDOD" />
<element number="14" name="Silicon" symbol="Si" mass="28.0855" group="14" period="3" red="0.0" green="1.0" blue="1.0" valence="4" filledShell="8" covalentRadius="1.2" vdWRadius="2.1" paulingEN="1.90" seHams="MNDO AM1 PM3 MNDOD" />
<element number="15" name="Phosphorus" symbol="P" mass="30.973762" group="15" period="3" red="0.67" green="0.51" blue="1.0" valence="5" filledShell="8" covalentRadius="1.05" vdWRadius="1.8" paulingEN="2.19" seHams="MNDO AM1 PM3 MNDOD MNDONMR" />
<element number="16" name="Sulfur" symbol="S" mass="32.066" group="16" period="3" red="0.545" green="0.545" blue="0.0" valence="6" filledShell="8" covalentRadius="1.02" vdWRadius="1.8" paulingEN="2.58" seHams="MNDO AM1 PM3 MNDOD PDDG-PM3 MNDONMR" />
<element number="17" name="Chlorine" symbol="Cl" mass="35.4527" group="17" period="3" red="0.0" green="1.0" blue="1.0" valence="7" filledShell="8" covalentRadius="0.99" vdWRadius="1.75" paulingEN="3.16" seHams="MNDO AM1 PM3 MNDOD PDDG-PM3" />
<element number="18" name="Argon" symbol="Ar" mass="39.948" group="18" period="3" red="0.0" green="1.0" blue="1.0" valence="8" filledShell="8" covalentRadius="1.51" vdWRadius="1.88" paulingEN="0.0" />
<element number="19" name="Potassium" symbol="K" mass="39.0983" group="1" period="4" red="0.0" green="1.0" blue="1.0" valence="0" filledShell="8" covalentRadius="1.33" vdWRadius="2.75" paulingEN="0.82" seHams="AM1 PM3"/>
<element number="20" name="Calcium" symbol="Ca" mass="40.078" group="2" period="4" red="0.0" green="1.0" blue="1.0" valence="0" filledShell="8" covalentRadius="0.99" vdWRadius="1.8" paulingEN="1.0" seHams="AM1 PM3" />
<element number="21" name="Scandium" symbol="Sc" mass="44.95591" group="3" period="4" red="0.0" green="1.0" blue="1.0" valence="0" filledShell="8" covalentRadius="1.44" vdWRadius="1.8" paulingEN="1.36" />
<element number="22" name="Titanium" symbol="Ti" mass="47.867" group="4" period="4" red="0.0" green="1.0" blue="1.0" valence="0" filledShell="8" covalentRadius="1.47" vdWRadius="1.8" paulingEN="1.54" />
<element number="23" name="Vanadium" symbol="V" mass="50.9415" group="5" period="4" red="0.0" green="1.0" blue="1.0" valence="0" filledShell="8" covalentRadius="1.33" vdWRadius="1.8" paulingEN="1.63" />
<element number="24" name="Chromium" symbol="Cr" mass="51.9961" group="6" period="4" red="0.0" green="1.0" blue="1.0" valence="0" filledShell="8" covalentRadius="1.35" vdWRadius="1.8" paulingEN="1.66" />
<element number="25" name="Manganese" symbol="Mn" mass="54.93805" group="7" period="4" red="0.0" green="1.0" blue="1.0" valence="0" filledShell="8" covalentRadius="1.35" vdWRadius="1.8" paulingEN="1.55" />
<element number="26" name="Iron" symbol="Fe" mass="55.845" group="8" period="4" red="0.0" green="1.0" blue="1.0" valence="0" filledShell="8" covalentRadius="1.34" vdWRadius="1.8" paulingEN="1.83" />
<element number="27" name="Cobalt" symbol="Co" mass="58.9332" group="9" red="0.0" period="4" green="1.0" blue="1.0" valence="0" filledShell="8" covalentRadius="1.33" vdWRadius="1.8" paulingEN="1.88" />
<element number="28" name="Nickel" symbol="Ni" mass="58.6934" group="10" red="0.0" period="4" green="1.0" blue="1.0" valence="0" filledShell="8" covalentRadius="1.5" vdWRadius="1.63" paulingEN="1.91" />
<element number="29" name="Copper" symbol="Cu" mass="63.546" group="11" red="0.0" period="4" green="1.0" blue="1.0" valence="4" filledShell="8" covalentRadius="1.52" vdWRadius="1.4" paulingEN="1.90" />
<element number="30" name="Zinc" symbol="Zn" mass="65.39" group="12" period="4" red="0.0" green="1.0" blue="1.0" valence="4" filledShell="8" covalentRadius="1.45" vdWRadius="1.39" paulingEN="1.65" seHams="MNDO AM1 PM3 MNDOD" />
<element number="31" name="Gallium" symbol="Ga" mass="69.723" group="13" period="4" red="0.0" green="1.0" blue="1.0" valence="0" filledShell="8" covalentRadius="1.22" vdWRadius="1.87" paulingEN="1.81" seHams="PM3" />
<element number="32" name="Germanium" symbol="Ge" mass="72.61" group="14" period="4" red="0.0" green="1.0" blue="1.0" valence="0" filledShell="8" covalentRadius="1.17" vdWRadius="2.0" paulingEN="2.01" seHams="MNDO AM1 PM3" />
<element number="33" name="Arsenic" symbol="As" mass="74.92159" group="15" period="4" red="0.0" green="1.0" blue="1.0" valence="0" filledShell="8" covalentRadius="1.21" vdWRadius="1.85" paulingEN="2.18" seHams="PM3" />
<element number="34" name="Selenium" symbol="Se" mass="78.96" group="16" period="4" red="0.0" green="1.0" blue="1.0" valence="6" filledShell="8" covalentRadius="1.22" vdWRadius="1.9" paulingEN="2.55" seHams="PM3" />
<element number="35" name="Bromine" symbol="Br" mass="79.904" group="17" period="4" red="0.0" green="1.0" blue="1.0" valence="7" filledShell="8" covalentRadius="1.21" vdWRadius="1.85" paulingEN="2.96" seHams="MNDO AM1 PM3 MNDOD PDDG-PM3" />
<element number="36" name="Krypton" symbol="Kr" mass="83.8" group="18" period="4" red="0.0" green="1.0" blue="1.0" valence="0" filledShell="8" covalentRadius="1.5" vdWRadius="2.02" paulingEN="3.00" />
<element number="37" name="Rubidium" symbol="Rb" mass="85.4678" group="1" period="5" red="0.0" green="1.0" blue="1.0" valence="0" filledShell="8" covalentRadius="1.47" vdWRadius="2.0" />
<element number="38" name="Strontium" symbol="Sr" mass="87.62" group="2" period="5" red="0.0" green="1.0" blue="1.0" valence="0" filledShell="8" covalentRadius="1.12" vdWRadius="2.0" />
<element number="39" name="Yttrium" symbol="Y" mass="88.90585" group="3" period="5" red="0.0" green="1.0" blue="1.0" valence="0" filledShell="8" covalentRadius="1.78" vdWRadius="2.0" />
<element number="40" name="Zirconium" symbol="Zr" mass="91.224" group="4" period="5" red="0.0" green="1.0" blue="1.0" valence="0" filledShell="8" covalentRadius="1.56" vdWRadius="2.0" />
<element number="41" name="Niobium" symbol="Nb" mass="92.90638" group="5" period="5" red="0.0" green="1.0" blue="1.0" valence="0" filledShell="8" covalentRadius="1.48" vdWRadius="2.0" />
<element number="42" name="Molybdenum" symbol="Mo" mass="95.94" group="6" period="5" red="0.0" green="1.0" blue="1.0" valence="0" filledShell="8" covalentRadius="1.47" vdWRadius="2.0" />
<element number="43" name="Technetium" symbol="Tc" mass="98.9063" group="7" period="5" red="0.0" green="1.0" blue="1.0" valence="0" filledShell="8" covalentRadius="1.35" vdWRadius="2.0" />
<element number="44" name="Ruthenium" symbol="Ru" mass="101.07" group="8" period="5" red="0.0" green="1.0" blue="1.0" valence="0" filledShell="8" covalentRadius="1.4" vdWRadius="2.0" />
<element number="45" name="Rhodium" symbol="Rh" mass="102.9055" group="9" period="5" red="0.0" green="1.0" blue="1.0" valence="0" filledShell="8" covalentRadius="1.45" vdWRadius="2.0" />
<element number="46" name="Palladium" symbol="Pd" mass="106.42" group="10" period="5" red="0.0" green="1.0" blue="1.0" valence="0" filledShell="8" covalentRadius="1.5" vdWRadius="1.63" />
<element number="47" name="Silver" symbol="Ag" mass="107.8682" group="11" period="5" red="0.0" green="1.0" blue="1.0" valence="0" filledShell="8" covalentRadius="1.59" vdWRadius="1.72" />
<element number="48" name="Cadmium" symbol="Cd" mass="112.411" group="12" period="5" red="0.0" green="1.0" blue="1.0" valence="0" filledShell="8" covalentRadius="1.69" vdWRadius="1.58" paulingEN="1.69" seHams="PM3 MNDOD" />
<element number="49" name="Indium" symbol="In" mass="114.818" group="13" period="5" red="0.0" green="1.0" blue="1.0" valence="0" filledShell="8" covalentRadius="1.63" vdWRadius="1.93" seHams="PM3"/>
<element number="50" name="Tin" symbol="Sn" mass="118.71" group="14" period="5" red="0.0" green="1.0" blue="1.0" valence="0" filledShell="8" covalentRadius="1.46" vdWRadius="2.17" seHams="MNDO PM3" />
<element number="51" name="Antimony" symbol="Sb" mass="121.76" group="15" period="5" red="0.0" green="1.0" blue="1.0" valence="0" filledShell="8" covalentRadius="1.46" vdWRadius="2.0" seHams="PM3" />
<element number="52" name="Tellurium" symbol="Te" mass="127.6" group="16" period="5" red="0.0" green="1.0" blue="1.0" valence="0" filledShell="8" covalentRadius="1.47" vdWRadius="2.06" seHams="PM3" />
<element number="53" name="Iodine" symbol="I" mass="126.90447" group="17" period="5" red="0.0" green="1.0" blue="1.0" valence="7" filledShell="8" covalentRadius="1.4" vdWRadius="1.98" paulingEN="2.66" seHams="MNDO AM1 PM3 MNDOD PDDG-PM3" />
<element number="54" name="Xenon" symbol="Xe" mass="131.29" group="18" period="5" red="0.0" green="1.0" blue="1.0" valence="0" filledShell="8" covalentRadius="1.5" vdWRadius="2.16" />
<element number="55" name="Cesium" symbol="Cs" mass="132.90543" group="1" period="6" red="0.0" green="1.0" blue="1.0" valence="0" filledShell="8" covalentRadius="1.67" vdWRadius="2.0" />
<element number="56" name="Barium" symbol="Ba" mass="137.327" group="2" period="6" red="0.0" green="1.0" blue="1.0" valence="0" filledShell="8" covalentRadius="1.34" vdWRadius="2.0" />
<element number="57" name="Lanthanum" symbol="La" mass="138.9055" group="0" period="6" red="0.0" green="1.0" blue="1.0" valence="0" filledShell="8" covalentRadius="1.87" vdWRadius="1.0" />
<element number="58" name="Cerium" symbol="Ce" mass="140.115" group="0" period="6" red="0.0" green="1.0" blue="1.0" valence="0" filledShell="8" covalentRadius="1.83" vdWRadius="2.0" />
<element number="59" name="Praseodymium" symbol="Pr" mass="140.90765" group="0" period="6" red="0.0" green="1.0" blue="1.0" valence="0" filledShell="8" covalentRadius="1.82" vdWRadius="2.0" />
<element number="60" name="Neodymium" symbol="Nd" mass="144.24" group="0" period="6" red="0.0" green="1.0" blue="1.0" valence="0" filledShell="8" covalentRadius="1.81" vdWRadius="2.0" />
<element number="61" name="Promethium" symbol="Pm" mass="145" group="0" period="6" red="0.0" green="1.0" blue="1.0" valence="0" filledShell="8" covalentRadius="1.8" vdWRadius="2.0" />
<element number="62" name="Samarium" symbol="Sm" mass="150.36" group="0" period="6" red="0.0" green="1.0" blue="1.0" valence="0" filledShell="8" covalentRadius="1.8" vdWRadius="2.0" />
<element number="63" name="Europium" symbol="Eu" mass="151.965" group="0" period="6" red="0.0" green="1.0" blue="1.0" valence="0" filledShell="8" covalentRadius="1.99" vdWRadius="2.0" />
<element number="64" name="Gadolinium" symbol="Gd" mass="157.25" group="0" period="6" red="0.0" green="1.0" blue="1.0" valence="0" filledShell="8" covalentRadius="1.79" vdWRadius="2.0" />
<element number="65" name="Terbium" symbol="Tb" mass="158.92534" group="0" period="6" red="0.0" green="1.0" blue="1.0" valence="0" filledShell="8" covalentRadius="1.76" vdWRadius="2.0" />
<element number="66" name="Dysprosium" symbol="Dy" mass="162.5" group="0" period="6" red="0.0" green="1.0" blue="1.0" valence="0" filledShell="8" covalentRadius="1.75" vdWRadius="2.0" />
<element number="67" name="Holmium" symbol="Ho" mass="164.93032" group="0" period="6" red="0.0" green="1.0" blue="1.0" valence="0" filledShell="8" covalentRadius="1.74" vdWRadius="2.0" />
<element number="68" name="Erbium" symbol="Er" mass="167.26" group="0" period="6" red="0.0" green="1.0" blue="1.0" valence="0" filledShell="8" covalentRadius="1.73" vdWRadius="2.0" />
<element number="69" name="Thulium" symbol="Tm" mass="168.93421" group="0" period="6" red="0.0" green="1.0" blue="1.0" valence="0" filledShell="8" covalentRadius="1.72" vdWRadius="2.0" />
<element number="70" name="Ytterbium" symbol="Yb" mass="173.04" group="0" period="6" red="0.0" green="1.0" blue="1.0" valence="0" filledShell="8" covalentRadius="1.94" vdWRadius="2.0" />
<element number="71" name="Lutetium" symbol="Lu" mass="174.967" group="3" period="6" red="0.0" green="1.0" blue="1.0" valence="0" filledShell="8" covalentRadius="1.72" vdWRadius="2.0" />
<element number="72" name="Hafnium" symbol="Hf" mass="178.49" group="4" period="6" red="0.0" green="1.0" blue="1.0" valence="0" filledShell="8" covalentRadius="1.57" vdWRadius="2.0" />
<element number="73" name="Tantalum" symbol="Ta" mass="180.9479" group="5" period="6" red="0.0" green="1.0" blue="1.0" valence="0" filledShell="8" covalentRadius="1.43" vdWRadius="2.0" />
<element number="74" name="Tungsten" symbol="W" mass="183.84" group="6" period="6" red="0.0" green="1.0" blue="1.0" valence="0" filledShell="8" covalentRadius="1.37" vdWRadius="2.0" />
<element number="75" name="Rhenium" symbol="Re" mass="186.207" group="7" period="6" red="0.0" green="1.0" blue="1.0" valence="0" filledShell="8" covalentRadius="1.35" vdWRadius="2.0" />
<element number="76" name="Osmium" symbol="Os" mass="190.23" group="8" period="6" red="0.0" green="1.0" blue="1.0" valence="0" filledShell="8" covalentRadius="1.37" vdWRadius="2.0" />
<element number="77" name="Iridium" symbol="Ir" mass="192.217" group="9" period="6" red="0.0" green="1.0" blue="1.0" valence="0" filledShell="8" covalentRadius="1.32" vdWRadius="2.0" />
<element number="78" name="Platinum" symbol="Pt" mass="195.08" group="10" period="6" red="0.0" green="1.0" blue="1.0" valence="0" filledShell="8" covalentRadius="1.5" vdWRadius="1.72" />
<element number="79" name="Gold" symbol="Au" mass="196.96654" group="11" period="6" red="0.0" green="1.0" blue="1.0" valence="0" filledShell="8" covalentRadius="1.5" vdWRadius="1.66" />
<element number="80" name="Mercury" symbol="Hg" mass="200.59" group="12" period="6" red="0.0" green="1.0" blue="1.0" valence="0" filledShell="8" covalentRadius="1.7" vdWRadius="1.55" seHams="MNDO AM1 PM3 MNDOD" />
<element number="81" name="Thallium" symbol="Tl" mass="204.3833" group="13" period="6" red="0.0" green="1.0" blue="1.0" valence="0" filledShell="8" covalentRadius="1.55" vdWRadius="1.96" seHams="PM3"/>
<element number="82" name="Lead" symbol="Pb" mass="207.2" group="14" period="6" red="0.0" green="1.0" blue="1.0" valence="0" filledShell="8" covalentRadius="1.54" vdWRadius="2.02" seHams="MNDO PM3" />
<element number="83" name="Bismuth" symbol="Bi" mass="208.98037" group="15" period="6" red="0.0" green="1.0" blue="1.0" valence="0" filledShell="8" covalentRadius="1.54" vdWRadius="2.0" seHams="PM3" />
<element number="84" name="Polonium" symbol="Po" mass="209" group="16" period="6" red="0.0" green="1.0" blue="1.0" valence="0" filledShell="8" covalentRadius="1.68" vdWRadius="2.0" />
<element number="85" name="Astatine" symbol="At" mass="210" group="17" period="6" red="0.0" green="1.0" blue="1.0" valence="0" filledShell="8" covalentRadius="1.21" vdWRadius="2.0" />
<element number="86" name="Radon" symbol="Rn" mass="222" group="18" period="6" red="0.0" green="1.0" blue="1.0" valence="0" filledShell="8" covalentRadius="1.5" vdWRadius="2.0" />
<element number="87" name="Francium" symbol="Fr" mass="223" group="1" period="7" red="0.0" green="1.0" blue="1.0" valence="0" filledShell="8" covalentRadius="1.5" vdWRadius="2.0" />
<element number="88" name="Radium" symbol="Ra" mass="226" group="2" period="7" red="0.0" green="1.0" blue="1.0" valence="0" filledShell="8" covalentRadius="1.9" vdWRadius="2.0" />
<element number="89" name="Actinium" symbol="Ac" mass="227" group="0" period="7" red="0.0" green="1.0" blue="1.0" valence="0" filledShell="8" covalentRadius="1.88" vdWRadius="2.0" />
<element number="90" name="Thorium" symbol="Th" mass="232.0381" group="0" period="7" red="0.0" green="1.0" blue="1.0" valence="0" filledShell="8" covalentRadius="1.79" vdWRadius="2.0" />
<element number="91" name="Protactinium" symbol="Pa" mass="231.03588" group="0" period="7" red="0.0" green="1.0" blue="1.0" valence="0" filledShell="8" covalentRadius="1.61" vdWRadius="2.0" />
<element number="92" name="Uranium" symbol="U" mass="238.0289" group="0" period="7" red="0.0" green="1.0" blue="1.0" valence="0" filledShell="8" covalentRadius="1.58" vdWRadius="2.0" />
<element number="93" name="Neptunium" symbol="Np" mass="237" group="0" period="7" red="0.0" green="1.0" blue="1.0" valence="0" filledShell="8" covalentRadius="1.55" vdWRadius="2.0" />
<element number="94" name="Plutonium" symbol="Pu" mass="244" group="0" period="7" red="0.0" green="1.0" blue="1.0" valence="0" filledShell="8" covalentRadius="1.53" vdWRadius="2.0" />
<element number="95" name="Americium" symbol="Am" mass="243" group="0" period="7" red="0.0" green="1.0" blue="1.0" valence="0" filledShell="8" covalentRadius="1.51" vdWRadius="2.0" />
<element number="96" name="Curium" symbol="Cm" mass="247" group="0" period="7" red="0.0" green="1.0" blue="1.0" valence="0" filledShell="8" covalentRadius="1.5" vdWRadius="2.0" />
<element number="97" name="Berkelium" symbol="Bk" mass="247" group="0" period="7" red="0.0" green="1.0" blue="1.0" valence="0" filledShell="8" covalentRadius="1.5" vdWRadius="2.0" />
<element number="98" name="Californium" symbol="Cf" mass="251" group="0" period="7" red="0.0" green="1.0" blue="1.0" valence="0" filledShell="8" covalentRadius="1.5" vdWRadius="2.0" />
<element number="99" name="Einsteinium" symbol="Es" mass="252" group="0" period="7" red="0.0" green="1.0" blue="1.0" valence="0" filledShell="8" covalentRadius="1.5" vdWRadius="2.0" />
<element number="100" name="Fermium" symbol="Fm" mass="257" group="0" period="7" red="0.0" green="1.0" blue="1.0" valence="0" filledShell="8" covalentRadius="1.5" vdWRadius="2.0" />
<element number="101" name="Mendelevium" symbol="Md" mass="258" group="0" period="7" red="0.0" green="1.0" blue="1.0" valence="0" filledShell="8" covalentRadius="1.5" vdWRadius="2.0" />
<element number="102" name="Nobelium" symbol="No" mass="259" group="0" period="7" red="0.0" green="1.0" blue="1.0" valence="0" filledShell="8" covalentRadius="1.5" vdWRadius="2.0" />
<element number="103" name="Lawrencium" symbol="Lr" mass="262" group="3" period="7" red="0.0" green="1.0" blue="1.0" valence="0" filledShell="8" covalentRadius="1.5" vdWRadius="2.0" />
<element number="104" name="Rutherfordium" symbol="Rf" mass="261" group="4" period="7" red="0.0" green="1.0" blue="1.0" valence="0" filledShell="8" covalentRadius="1.5" vdWRadius="2.0" />
<element number="105" name="Dubnium" symbol="Db" mass="262" group="5" period="7" red="0.0" green="1.0" blue="1.0" valence="0" filledShell="8" covalentRadius="1.5" vdWRadius="2.0" />
<element number="106" name="Seaborgium" symbol="Sg" mass="266" group="6" period="7" red="0.0" green="1.0" blue="1.0" valence="0" filledShell="8" covalentRadius="1.5" vdWRadius="2.0" />
<element number="107" name="Bohrium" symbol="Bh" mass="264" group="7" period="7" red="0.0" green="1.0" blue="1.0" valence="0" filledShell="8" covalentRadius="1.5" vdWRadius="2.0" />
<element number="108" name="Hassium" symbol="Hs" mass="269" group="8" period="7" red="0.0" green="1.0" blue="1.0" valence="0" filledShell="8" covalentRadius="1.5" vdWRadius="2.0" />
<element number="109" name="Meitnerium" symbol="Mt" mass="268" group="9" period="7" red="0.0" green="1.0" blue="1.0" valence="0" filledShell="8" covalentRadius="1.5" vdWRadius="2.0" />
<element number="110" name="Darmstadtium" symbol="Ds" mass="271" group="10" period="7" red="0.0" green="1.0" blue="1.0" valence="0" filledShell="8" covalentRadius="1.5" vdWRadius="2.0" />
<element number="120" name="Unknown" symbol="Unk" mass="0" group="0" period="0" red="0.0" green="1.0" blue="1.0" valence="0" filledShell="0" covalentRadius="1.5" vdWRadius="2.0" />
</elementlist>
