<?xml version="1.0" ?>
<parms name="ff99SB" description="Modification/update of parm99.dat (Hornak and Simmerling)">
 <bondTorsions>
  <entry t1="C" gamma="0" t2="N" t3="CT" t4="C" Nt="-4" Vn="0" npth="1" groupName="ff99SB" />
  <entry t1="C" gamma="0" t2="N" t3="CT" t4="C" Nt="-3" Vn="0.42" npth="1" groupName="ff99SB" />
  <entry t1="C" gamma="0" t2="N" t3="CT" t4="C" Nt="-2" Vn="0.27" npth="1" groupName="ff99SB" />
  <entry t1="C" gamma="0" t2="N" t3="CT" t4="C" Nt="1" Vn="0" npth="1" groupName="ff99SB" />
  <entry t1="N" gamma="0" t2="CT" t3="C" t4="N" Nt="-4" Vn="0" npth="1" groupName="ff99SB" />
  <entry t1="N" gamma="180" t2="CT" t3="C" t4="N" Nt="-3" Vn="0.55" npth="1" groupName="ff99SB" />
  <entry t1="N" gamma="180" t2="CT" t3="C" t4="N" Nt="-2" Vn="1.58" npth="1" groupName="ff99SB" />
  <entry t1="N" gamma="180" t2="CT" t3="C" t4="N" Nt="1" Vn="0.45" npth="1" groupName="ff99SB" />
  <entry t1="CT" gamma="0" t2="CT" t3="N" t4="C" Nt="-4" Vn="0" npth="1" groupName="ff99SB" />
  <entry t1="CT" gamma="0" t2="CT" t3="N" t4="C" Nt="-3" Vn="0.4" npth="1" groupName="ff99SB" />
  <entry t1="CT" gamma="0" t2="CT" t3="N" t4="C" Nt="-2" Vn="2" npth="1" groupName="ff99SB" />
  <entry t1="CT" gamma="0" t2="CT" t3="N" t4="C" Nt="1" Vn="2" npth="1" groupName="ff99SB" />
  <entry t1="CT" gamma="0" t2="CT" t3="C" t4="N" Nt="-4" Vn="0" npth="1" groupName="ff99SB" />
  <entry t1="CT" gamma="0" t2="CT" t3="C" t4="N" Nt="-3" Vn="0.4" npth="1" groupName="ff99SB" />
  <entry t1="CT" gamma="0" t2="CT" t3="C" t4="N" Nt="-2" Vn="0.2" npth="1" groupName="ff99SB" />
  <entry t1="CT" gamma="0" t2="CT" t3="C" t4="N" Nt="1" Vn="0.2" npth="1" groupName="ff99SB" />
 </bondTorsions>
</parms>