<?xml version="1.0" ?>
<parms name="parmPM3">
  <elements>
    <entry mass="79.90" t1="BR"/>
    <entry mass="12.01" t1="C"/>
    <entry mass="12.01" t1="CA"/>
    <entry mass="12.01" t1="CB"/>
    <entry mass="12.01" t1="CC"/>
    <entry mass="12.01" t1="CK"/>
    <entry mass="12.01" t1="CM"/>
    <entry mass="12.01" t1="CN"/>
    <entry mass="12.01" t1="CQ"/>
    <entry mass="12.01" t1="CR"/>
    <entry mass="12.01" t1="CT"/>
    <entry mass="12.01" t1="CV"/>
    <entry mass="12.01" t1="CW"/>
    <entry mass="12.01" t1="C*"/>
    <entry mass="40.08" t1="C0"/>
    <entry mass="19.00" t1="F"/>
    <entry mass="1.008" t1="H"/>
    <entry mass="1.008" t1="HC"/>
    <entry mass="1.008" t1="H1"/>
    <entry mass="1.008" t1="H2"/>
    <entry mass="1.008" t1="H3"/>
    <entry mass="1.008" t1="HA"/>
    <entry mass="1.008" t1="H4"/>
    <entry mass="1.008" t1="H5"/>
    <entry mass="1.008" t1="HO"/>
    <entry mass="1.008" t1="HS"/>
    <entry mass="1.008" t1="HW"/>
    <entry mass="1.008" t1="HP"/>
    <entry mass="126.9" t1="I"/>
    <entry mass="35.45" t1="IM"/>
    <entry mass="22.99" t1="IP"/>
    <entry mass="131.0" t1="IB"/>
    <entry mass="24.30" t1="MG"/>
    <entry mass="14.01" t1="N"/>
    <entry mass="14.01" t1="NA"/>
    <entry mass="14.01" t1="NB"/>
    <entry mass="14.01" t1="NC"/>
    <entry mass="14.01" t1="N2"/>
    <entry mass="14.01" t1="N3"/>
    <entry mass="14.01" t1="N*"/>
    <entry mass="16.00" t1="O"/>
    <entry mass="16.00" t1="OW"/>
    <entry mass="16.00" t1="OH"/>
    <entry mass="16.00" t1="OS"/>
    <entry mass="16.00" t1="O2"/>
    <entry mass="30.97" t1="P"/>
    <entry mass="32.06" t1="S"/>
    <entry mass="32.06" t1="SH"/>
    <entry mass="63.55" t1="CU"/>
    <entry mass="55.00" t1="FE"/>
    <entry mass="6.94" t1="Li"/>
    <entry mass="39.10" t1="K"/>
    <entry mass="85.47" t1="Rb"/>
    <entry mass="132.9" t1="Cs"/>
    <entry mass="3.0" t1="EP"/>
  </elements>
  <bondLengths>
    <entry keq="553.0" req="0.9572" t1="OW" t2="HW"/>
    <entry keq="553.0" req="1.5136" t1="HW" t2="HW"/>
    <entry keq="469.0" req="1.402" t1="C " t2="CA"/>
    <entry keq="447.0" req="1.419" t1="C " t2="CB"/>
    <entry keq="410.0" req="1.444" t1="C " t2="CM"/>
    <entry keq="317.0" req="1.537" t1="C " t2="CT"/>
    <entry keq="424.0" req="1.383" t1="C " t2="N*"/>
    <entry keq="418.0" req="1.388" t1="C " t2="NA"/>
    <entry keq="457.0" req="1.358" t1="C " t2="NC"/>
    <entry keq="570.0" req="1.231" t1="C " t2="O "/>
    <entry keq="656.0" req="1.262" t1="C " t2="O2"/>
    <entry keq="450.0" req="1.369" t1="C " t2="OH"/>
    <entry keq="469.0" req="1.391" t1="CA" t2="CA"/>
    <entry keq="469.0" req="1.399" t1="CA" t2="CB"/>
    <entry keq="427.0" req="1.433" t1="CA" t2="CM"/>
    <entry keq="317.0" req="1.495" t1="CA" t2="CT"/>
    <entry keq="367.0" req="1.100" t1="CA" t2="HA"/>
    <entry keq="367.0" req="1.080" t1="CA" t2="H4"/>
    <entry keq="481.0" req="1.389" t1="CA" t2="N2"/>
    <entry keq="427.0" req="1.381" t1="CA" t2="NA"/>
    <entry keq="483.0" req="1.339" t1="CA" t2="NC"/>
    <entry keq="520.0" req="1.370" t1="CB" t2="CB"/>
    <entry keq="436.0" req="1.374" t1="CB" t2="N*"/>
    <entry keq="414.0" req="1.391" t1="CB" t2="NB"/>
    <entry keq="461.0" req="1.354" t1="CB" t2="NC"/>
    <entry keq="367.0" req="1.080" t1="CK" t2="H5"/>
    <entry keq="440.0" req="1.371" t1="CK" t2="N*"/>
    <entry keq="529.0" req="1.304" t1="CK" t2="NB"/>
    <entry keq="549.0" req="1.350" t1="CM" t2="CM"/>
    <entry keq="317.0" req="1.510" t1="CM" t2="CT"/>
    <entry keq="367.0" req="1.080" t1="CM" t2="HA"/>
    <entry keq="367.0" req="1.080" t1="CM" t2="H4"/>
    <entry keq="367.0" req="1.080" t1="CM" t2="H5"/>
    <entry keq="448.0" req="1.365" t1="CM" t2="N*"/>
    <entry keq="367.0" req="1.080" t1="CQ" t2="H5"/>
    <entry keq="502.0" req="1.324" t1="CQ" t2="NC"/>
    <entry keq="310.0" req="1.530" t1="CT" t2="CT"/>
    <entry keq="340.0" req="1.108" t1="CT" t2="HC"/>
    <entry keq="340.0" req="1.120" t1="CT" t2="H1"/>
    <entry keq="340.0" req="1.090" t1="CT" t2="H2"/>
    <entry keq="340.0" req="1.090" t1="CT" t2="H3"/>
    <entry keq="340.0" req="1.118" t1="CT" t2="HP"/>
    <entry keq="337.0" req="1.475" t1="CT" t2="N*"/>
    <entry keq="337.0" req="1.485" t1="CT" t2="N2"/>
    <entry keq="320.0" req="1.406" t1="CT" t2="OH"/>
    <entry keq="320.0" req="1.410" t1="CT" t2="OS"/>
    <entry keq="434.0" req="1.006" t1="H " t2="N2"/>
    <entry keq="434.0" req="1.010" t1="H " t2="N*"/>
    <entry keq="434.0" req="0.995" t1="H " t2="NA"/>
    <entry keq="553.0" req="0.955" t1="HO" t2="OH"/>
    <entry keq="553.0" req="0.960" t1="HO" t2="OS"/>
    <entry keq="525.0" req="1.480" t1="O2" t2="P "/>
    <entry keq="230.0" req="1.610" t1="OH" t2="P "/>
    <entry keq="230.0" req="1.610" t1="OS" t2="P "/>
    <entry keq="367.0" req="1.080" t1="C*" t2="HC"/>
    <entry keq="490.0" req="1.400" t1="C " t2="N "/>
    <entry keq="388.0" req="1.459" t1="C*" t2="CB"/>
    <entry keq="317.0" req="1.479" t1="C*" t2="CT"/>
    <entry keq="546.0" req="1.380" t1="C*" t2="CW"/>
    <entry keq="469.0" req="1.401" t1="CA" t2="CN"/>
    <entry keq="447.0" req="1.419" t1="CB" t2="CN"/>
    <entry keq="317.0" req="1.480" t1="CC" t2="CT"/>
    <entry keq="512.0" req="1.375" t1="CC" t2="CV"/>
    <entry keq="518.0" req="1.371" t1="CC" t2="CW"/>
    <entry keq="422.0" req="1.407" t1="CC" t2="NA"/>
    <entry keq="410.0" req="1.394" t1="CC" t2="NB"/>
    <entry keq="428.0" req="1.416" t1="CN" t2="NA"/>
    <entry keq="367.0" req="1.094" t1="CR" t2="H5"/>
    <entry keq="477.0" req="1.388" t1="CR" t2="NA"/>
    <entry keq="488.0" req="1.353" t1="CR" t2="NB"/>
    <entry keq="337.0" req="1.485" t1="CT" t2="N "/>
    <entry keq="367.0" req="1.507" t1="CT" t2="N3"/>
    <entry keq="227.0" req="1.815" t1="CT" t2="S "/>
    <entry keq="237.0" req="1.829" t1="CT" t2="SH"/>
    <entry keq="367.0" req="1.094" t1="CV" t2="H4"/>
    <entry keq="410.0" req="1.390" t1="CV" t2="NB"/>
    <entry keq="367.0" req="1.099" t1="CW" t2="H4"/>
    <entry keq="427.0" req="1.414" t1="CW" t2="NA"/>
    <entry keq="434.0" req="1.004" t1="H " t2="N "/>
    <entry keq="434.0" req="1.015" t1="H " t2="N3"/>
    <entry keq="274.0" req="1.337" t1="HS" t2="SH"/>
    <entry keq="166.0" req="2.038" t1="S " t2="S "/>
    <entry keq="367.0" req="1.380" t1="CT" t2="F "/>
  </bondLengths>
  <bondAngles>
    <entry keq="100." req="104.52" t1="HW" t2="OW" t3="HW"/>
    <entry keq="0." req="127.74" t1="HW" t2="HW" t3="OW"/>
    <entry keq="70.0" req="111.30" t1="CB" t2="C " t3="NA"/>
    <entry keq="80.0" req="128.80" t1="CB" t2="C " t3="O "/>
    <entry keq="70.0" req="114.10" t1="CM" t2="C " t3="NA"/>
    <entry keq="80.0" req="125.30" t1="CM" t2="C " t3="O "/>
    <entry keq="80.0" req="122.68" t1="CT" t2="C " t3="O "/>
    <entry keq="70.0" req="120.54" t1="CT" t2="C " t3="O2"/>
    <entry keq="70.0" req="117.00" t1="CT" t2="C " t3="OH"/>
    <entry keq="70.0" req="115.40" t1="N*" t2="C " t3="NA"/>
    <entry keq="70.0" req="118.60" t1="N*" t2="C " t3="NC"/>
    <entry keq="80.0" req="120.90" t1="N*" t2="C " t3="O "/>
    <entry keq="80.0" req="120.60" t1="NA" t2="C " t3="O "/>
    <entry keq="80.0" req="122.50" t1="NC" t2="C " t3="O "/>
    <entry keq="70.0" req="118.54" t1="CT" t2="C " t3="N "/>
    <entry keq="80.0" req="118.69" t1="N " t2="C " t3="O "/>
    <entry keq="80.0" req="126.00" t1="O " t2="C " t3="O "/>
    <entry keq="80.0" req="118.88" t1="O2" t2="C " t3="O2"/>
    <entry keq="80.0" req="126.00" t1="O " t2="C " t3="OH"/>
    <entry keq="63.0" req="120.70" t1="CA" t2="C " t3="CA"/>
    <entry keq="70.0" req="119.64" t1="CA" t2="C " t3="OH"/>
    <entry keq="63.0" req="119.18" t1="C " t2="CA" t3="CA"/>
    <entry keq="63.0" req="120.37" t1="CA" t2="CA" t3="CA"/>
    <entry keq="63.0" req="118.45" t1="CA" t2="CA" t3="CB"/>
    <entry keq="70.0" req="120.00" t1="CA" t2="CA" t3="CT"/>
    <entry keq="35.0" req="119.88" t1="CA" t2="CA" t3="HA"/>
    <entry keq="35.0" req="120.00" t1="CA" t2="CA" t3="H4"/>
    <entry keq="35.0" req="120.32" t1="CB" t2="CA" t3="HA"/>
    <entry keq="35.0" req="120.00" t1="CB" t2="CA" t3="H4"/>
    <entry keq="70.0" req="123.50" t1="CB" t2="CA" t3="N2"/>
    <entry keq="70.0" req="117.30" t1="CB" t2="CA" t3="NC"/>
    <entry keq="70.0" req="120.10" t1="CM" t2="CA" t3="N2"/>
    <entry keq="70.0" req="121.50" t1="CM" t2="CA" t3="NC"/>
    <entry keq="70.0" req="116.00" t1="N2" t2="CA" t3="NA"/>
    <entry keq="70.0" req="119.30" t1="N2" t2="CA" t3="NC"/>
    <entry keq="70.0" req="123.30" t1="NA" t2="CA" t3="NC"/>
    <entry keq="35.0" req="120.75" t1="C " t2="CA" t3="HA"/>
    <entry keq="70.0" req="119.72" t1="N2" t2="CA" t3="N2"/>
    <entry keq="35.0" req="121.25" t1="CN" t2="CA" t3="HA"/>
    <entry keq="63.0" req="117.34" t1="CA" t2="CA" t3="CN"/>
    <entry keq="63.0" req="119.20" t1="C " t2="CB" t3="CB"/>
    <entry keq="70.0" req="130.00" t1="C " t2="CB" t3="NB"/>
    <entry keq="63.0" req="117.30" t1="CA" t2="CB" t3="CB"/>
    <entry keq="70.0" req="132.40" t1="CA" t2="CB" t3="NB"/>
    <entry keq="70.0" req="106.20" t1="CB" t2="CB" t3="N*"/>
    <entry keq="70.0" req="110.40" t1="CB" t2="CB" t3="NB"/>
    <entry keq="70.0" req="127.70" t1="CB" t2="CB" t3="NC"/>
    <entry keq="70.0" req="126.20" t1="N*" t2="CB" t3="NC"/>
    <entry keq="63.0" req="134.90" t1="C*" t2="CB" t3="CA"/>
    <entry keq="63.0" req="108.80" t1="C*" t2="CB" t3="CN"/>
    <entry keq="63.0" req="116.20" t1="CA" t2="CB" t3="CN"/>
    <entry keq="35.0" req="123.05" t1="H5" t2="CK" t3="N*"/>
    <entry keq="35.0" req="123.05" t1="H5" t2="CK" t3="NB"/>
    <entry keq="70.0" req="113.90" t1="N*" t2="CK" t3="NB"/>
    <entry keq="63.0" req="120.70" t1="C " t2="CM" t3="CM"/>
    <entry keq="70.0" req="119.70" t1="C " t2="CM" t3="CT"/>
    <entry keq="35.0" req="119.70" t1="C " t2="CM" t3="HA"/>
    <entry keq="35.0" req="119.70" t1="C " t2="CM" t3="H4"/>
    <entry keq="63.0" req="117.00" t1="CA" t2="CM" t3="CM"/>
    <entry keq="35.0" req="123.30" t1="CA" t2="CM" t3="HA"/>
    <entry keq="35.0" req="123.30" t1="CA" t2="CM" t3="H4"/>
    <entry keq="70.0" req="119.70" t1="CM" t2="CM" t3="CT"/>
    <entry keq="35.0" req="119.70" t1="CM" t2="CM" t3="HA"/>
    <entry keq="35.0" req="119.70" t1="CM" t2="CM" t3="H4"/>
    <entry keq="70.0" req="121.20" t1="CM" t2="CM" t3="N*"/>
    <entry keq="35.0" req="119.10" t1="H4" t2="CM" t3="N*"/>
    <entry keq="35.0" req="115.45" t1="H5" t2="CQ" t3="NC"/>
    <entry keq="70.0" req="129.10" t1="NC" t2="CQ" t3="NC"/>
    <entry keq="50.0" req="109.50" t1="CM" t2="CT" t3="HC"/>
    <entry keq="40.0" req="111.38" t1="CT" t2="CT" t3="CT"/>
    <entry keq="50.0" req="110.21" t1="CT" t2="CT" t3="HC"/>
    <entry keq="50.0" req="109.30" t1="CT" t2="CT" t3="H1"/>
    <entry keq="50.0" req="109.50" t1="CT" t2="CT" t3="H2"/>
    <entry keq="50.0" req="110.06" t1="CT" t2="CT" t3="HP"/>
    <entry keq="50.0" req="109.50" t1="CT" t2="CT" t3="N*"/>
    <entry keq="50.0" req="111.07" t1="CT" t2="CT" t3="OH"/>
    <entry keq="50.0" req="109.50" t1="CT" t2="CT" t3="OS"/>
    <entry keq="35.0" req="106.51" t1="HC" t2="CT" t3="HC"/>
    <entry keq="35.0" req="106.76" t1="H1" t2="CT" t3="H1"/>
    <entry keq="35.0" req="105.55" t1="HP" t2="CT" t3="HP"/>
    <entry keq="50.0" req="109.50" t1="H2" t2="CT" t3="N*"/>
    <entry keq="50.0" req="109.50" t1="H1" t2="CT" t3="N*"/>
    <entry keq="50.0" req="107.09" t1="H1" t2="CT" t3="OH"/>
    <entry keq="50.0" req="109.50" t1="H1" t2="CT" t3="OS"/>
    <entry keq="50.0" req="109.50" t1="H2" t2="CT" t3="OS"/>
    <entry keq="50.0" req="109.50" t1="N*" t2="CT" t3="OS"/>
    <entry keq="50.0" req="108.26" t1="H1" t2="CT" t3="N "/>
    <entry keq="50.0" req="108.62" t1="C " t2="CT" t3="H1"/>
    <entry keq="50.0" req="109.50" t1="C " t2="CT" t3="HP"/>
    <entry keq="50.0" req="109.50" t1="H1" t2="CT" t3="S "/>
    <entry keq="50.0" req="107.08" t1="H1" t2="CT" t3="SH"/>
    <entry keq="50.0" req="114.23" t1="CT" t2="CT" t3="S "/>
    <entry keq="50.0" req="115.56" t1="CT" t2="CT" t3="SH"/>
    <entry keq="35.0" req="109.50" t1="H2" t2="CT" t3="H2"/>
    <entry keq="50.0" req="108.65" t1="H1" t2="CT" t3="N2"/>
    <entry keq="50.0" req="109.30" t1="HP" t2="CT" t3="N3"/>
    <entry keq="63.0" req="112.87" t1="CA" t2="CT" t3="CT"/>
    <entry keq="50.0" req="109.06" t1="C " t2="CT" t3="HC"/>
    <entry keq="63.0" req="110.98" t1="C " t2="CT" t3="N "/>
    <entry keq="80.0" req="112.54" t1="CT" t2="CT" t3="N2"/>
    <entry keq="80.0" req="110.73" t1="CT" t2="CT" t3="N "/>
    <entry keq="63.0" req="110.53" t1="C " t2="CT" t3="CT"/>
    <entry keq="50.0" req="109.42" t1="CA" t2="CT" t3="HC"/>
    <entry keq="80.0" req="112.30" t1="CT" t2="CT" t3="N3"/>
    <entry keq="63.0" req="113.06" t1="CC" t2="CT" t3="CT"/>
    <entry keq="50.0" req="109.00" t1="CC" t2="CT" t3="HC"/>
    <entry keq="80.0" req="111.20" t1="C " t2="CT" t3="N3"/>
    <entry keq="63.0" req="112.77" t1="C*" t2="CT" t3="CT"/>
    <entry keq="50.0" req="109.10" t1="C*" t2="CT" t3="HC"/>
    <entry keq="70.0" req="124.76" t1="CT" t2="CC" t3="NA"/>
    <entry keq="70.0" req="120.00" t1="CT" t2="CC" t3="CV"/>
    <entry keq="70.0" req="120.00" t1="CT" t2="CC" t3="NB"/>
    <entry keq="70.0" req="120.00" t1="CV" t2="CC" t3="NA"/>
    <entry keq="70.0" req="120.00" t1="CW" t2="CC" t3="NA"/>
    <entry keq="70.0" req="120.00" t1="CW" t2="CC" t3="NB"/>
    <entry keq="70.0" req="120.00" t1="CT" t2="CC" t3="CW"/>
    <entry keq="35.0" req="126.35" t1="H5" t2="CR" t3="NA"/>
    <entry keq="35.0" req="125.57" t1="H5" t2="CR" t3="NB"/>
    <entry keq="70.0" req="120.00" t1="NA" t2="CR" t3="NA"/>
    <entry keq="70.0" req="108.07" t1="NA" t2="CR" t3="NB"/>
    <entry keq="35.0" req="120.00" t1="CC" t2="CV" t3="H4"/>
    <entry keq="70.0" req="120.00" t1="CC" t2="CV" t3="NB"/>
    <entry keq="35.0" req="121.84" t1="H4" t2="CV" t3="NB"/>
    <entry keq="35.0" req="120.00" t1="CC" t2="CW" t3="H4"/>
    <entry keq="70.0" req="120.00" t1="CC" t2="CW" t3="NA"/>
    <entry keq="35.0" req="122.09" t1="H4" t2="CW" t3="NA"/>
    <entry keq="35.0" req="128.51" t1="C*" t2="CW" t3="H4"/>
    <entry keq="70.0" req="109.35" t1="C*" t2="CW" t3="NA"/>
    <entry keq="70.0" req="126.66" t1="CT" t2="C*" t3="CW"/>
    <entry keq="70.0" req="128.60" t1="CB" t2="C*" t3="CT"/>
    <entry keq="63.0" req="106.40" t1="CB" t2="C*" t3="CW"/>
    <entry keq="70.0" req="130.65" t1="CA" t2="CN" t3="NA"/>
    <entry keq="70.0" req="104.40" t1="CB" t2="CN" t3="NA"/>
    <entry keq="63.0" req="122.70" t1="CA" t2="CN" t3="CB"/>
    <entry keq="50.0" req="122.62" t1="C " t2="N " t3="CT"/>
    <entry keq="30.0" req="119.22" t1="C " t2="N " t3="H "/>
    <entry keq="30.0" req="118.04" t1="CT" t2="N " t3="H "/>
    <entry keq="50.0" req="110.10" t1="CT" t2="N " t3="CT"/>
    <entry keq="35.0" req="120.00" t1="H " t2="N " t3="H "/>
    <entry keq="70.0" req="121.60" t1="C " t2="N*" t3="CM"/>
    <entry keq="70.0" req="117.60" t1="C " t2="N*" t3="CT"/>
    <entry keq="30.0" req="119.20" t1="C " t2="N*" t3="H "/>
    <entry keq="70.0" req="105.40" t1="CB" t2="N*" t3="CK"/>
    <entry keq="70.0" req="125.80" t1="CB" t2="N*" t3="CT"/>
    <entry keq="30.0" req="125.80" t1="CB" t2="N*" t3="H "/>
    <entry keq="70.0" req="128.80" t1="CK" t2="N*" t3="CT"/>
    <entry keq="30.0" req="128.80" t1="CK" t2="N*" t3="H "/>
    <entry keq="70.0" req="121.20" t1="CM" t2="N*" t3="CT"/>
    <entry keq="30.0" req="121.20" t1="CM" t2="N*" t3="H "/>
    <entry keq="35.0" req="117.04" t1="CA" t2="N2" t3="H "/>
    <entry keq="35.0" req="115.16" t1="H " t2="N2" t3="H "/>
    <entry keq="35.0" req="114.53" t1="CT" t2="N2" t3="H "/>
    <entry keq="50.0" req="121.61" t1="CA" t2="N2" t3="CT"/>
    <entry keq="50.0" req="109.94" t1="CT" t2="N3" t3="H "/>
    <entry keq="50.0" req="109.50" t1="CT" t2="N3" t3="CT"/>
    <entry keq="35.0" req="109.00" t1="H " t2="N3" t3="H "/>
    <entry keq="70.0" req="126.40" t1="C " t2="NA" t3="C "/>
    <entry keq="70.0" req="125.20" t1="C " t2="NA" t3="CA"/>
    <entry keq="30.0" req="116.80" t1="C " t2="NA" t3="H "/>
    <entry keq="30.0" req="118.00" t1="CA" t2="NA" t3="H "/>
    <entry keq="70.0" req="108.71" t1="CC" t2="NA" t3="CR"/>
    <entry keq="30.0" req="124.81" t1="CC" t2="NA" t3="H "/>
    <entry keq="70.0" req="120.00" t1="CR" t2="NA" t3="CW"/>
    <entry keq="30.0" req="126.13" t1="CR" t2="NA" t3="H "/>
    <entry keq="30.0" req="122.66" t1="CW" t2="NA" t3="H "/>
    <entry keq="70.0" req="107.82" t1="CN" t2="NA" t3="CW"/>
    <entry keq="30.0" req="122.50" t1="CN" t2="NA" t3="H "/>
    <entry keq="70.0" req="103.80" t1="CB" t2="NB" t3="CK"/>
    <entry keq="70.0" req="117.00" t1="CC" t2="NB" t3="CR"/>
    <entry keq="70.0" req="108.75" t1="CR" t2="NB" t3="CV"/>
    <entry keq="70.0" req="120.50" t1="C " t2="NC" t3="CA"/>
    <entry keq="70.0" req="112.20" t1="CA" t2="NC" t3="CB"/>
    <entry keq="70.0" req="118.60" t1="CA" t2="NC" t3="CQ"/>
    <entry keq="70.0" req="111.00" t1="CB" t2="NC" t3="CQ"/>
    <entry keq="35.0" req="107.98" t1="C " t2="OH" t3="HO"/>
    <entry keq="55.0" req="107.56" t1="CT" t2="OH" t3="HO"/>
    <entry keq="45.0" req="108.50" t1="HO" t2="OH" t3="P "/>
    <entry keq="60.0" req="109.50" t1="CT" t2="OS" t3="CT"/>
    <entry keq="00.0" req="120.50" t1="CT" t2="OS" t3="P "/>
    <entry keq="00.0" req="120.50" t1="P " t2="OS" t3="P "/>
    <entry keq="45.0" req="108.23" t1="O2" t2="P " t3="OH"/>
    <entry keq="40.0" req="119.90" t1="O2" t2="P " t3="O2"/>
    <entry keq="00.0" req="108.23" t1="O2" t2="P " t3="OS"/>
    <entry keq="45.0" req="102.60" t1="OH" t2="P " t3="OS"/>
    <entry keq="45.0" req="102.60" t1="OS" t2="P " t3="OS"/>
    <entry keq="62.0" req="103.62" t1="CT" t2="S " t3="CT"/>
    <entry keq="68.0" req="103.70" t1="CT" t2="S " t3="S "/>
    <entry keq="43.0" req="101.08" t1="CT" t2="SH" t3="HS"/>
    <entry keq="35.0" req="92.07" t1="HS" t2="SH" t3="HS"/>
    <entry keq="77.0" req="109.10" t1="F " t2="CT" t3="F "/>
    <entry keq="35.0" req="109.50" t1="F " t2="CT" t3="H1"/>
  </bondAngles>
  <bondTorsions>
    <entry Nt="2." Vn="14.50" gamma="180.0" npth="4" t1="X " t2="C " t3="CA" t4="X "/>
    <entry Nt="2." Vn="12.00" gamma="180.0" npth="4" t1="X " t2="C " t3="CB" t4="X "/>
    <entry Nt="2." Vn="8.70"  gamma="180.0" npth="4" t1="X " t2="C " t3="CM" t4="X "/>
    <entry Nt="2." Vn="5.80"  gamma="180.0" npth="4" t1="X " t2="C " t3="N*" t4="X "/>
    <entry Nt="2." Vn="5.40"  gamma="180.0" npth="4" t1="X " t2="C " t3="NA" t4="X "/>
    <entry Nt="2." Vn="8.00"  gamma="180.0" npth="2" t1="X " t2="C " t3="NC" t4="X "/>
    <entry Nt="2." Vn="1.80"  gamma="180.0" npth="2" t1="X " t2="C " t3="OH" t4="X "/>
    <entry Nt="2." Vn="0.00"  gamma="0.0"   npth="4" t1="X " t2="C " t3="CT" t4="X "/>
    <entry Nt="2." Vn="14.50" gamma="180.0" npth="4" t1="X " t2="CA" t3="CA" t4="X "/>
    <entry Nt="2." Vn="14.00" gamma="180.0" npth="4" t1="X " t2="CA" t3="CB" t4="X "/>
    <entry Nt="2." Vn="10.20" gamma="180.0" npth="4" t1="X " t2="CA" t3="CM" t4="X "/>
    <entry Nt="2." Vn="0.00"  gamma="0.0"   npth="6" t1="X " t2="CA" t3="CT" t4="X "/>
    <entry Nt="2." Vn="9.60"  gamma="180.0" npth="4" t1="X " t2="CA" t3="N2" t4="X "/>
    <entry Nt="2." Vn="6.00"  gamma="180.0" npth="4" t1="X " t2="CA" t3="NA" t4="X "/>
    <entry Nt="2." Vn="9.60"  gamma="180.0" npth="2" t1="X " t2="CA" t3="NC" t4="X "/>
    <entry Nt="2." Vn="21.80" gamma="180.0" npth="4" t1="X " t2="CB" t3="CB" t4="X "/>
    <entry Nt="2." Vn="6.60"  gamma="180.0" npth="4" t1="X " t2="CB" t3="N*" t4="X "/>
    <entry Nt="2." Vn="5.10"  gamma="180.0" npth="2" t1="X " t2="CB" t3="NB" t4="X "/>
    <entry Nt="2." Vn="8.30"  gamma="180.0" npth="2" t1="X " t2="CB" t3="NC" t4="X "/>
    <entry Nt="2." Vn="6.80"  gamma="180.0" npth="4" t1="X " t2="CK" t3="N*" t4="X "/>
    <entry Nt="2." Vn="20.00" gamma="180.0" npth="2" t1="X " t2="CK" t3="NB" t4="X "/>
    <entry Nt="2." Vn="26.60" gamma="180.0" npth="4" t1="X " t2="CM" t3="CM" t4="X "/>
    <entry Nt="3." Vn="0.00"  gamma="0.0"   npth="6" t1="X " t2="CM" t3="CT" t4="X "/>
    <entry Nt="2." Vn="7.40"  gamma="180.0" npth="4" t1="X " t2="CM" t3="N*" t4="X "/>
    <entry Nt="2." Vn="13.60" gamma="180.0" npth="2" t1="X " t2="CQ" t3="NC" t4="X "/>
    <entry Nt="3." Vn="1.40"  gamma="0.0"   npth="9" t1="X " t2="CT" t3="CT" t4="X "/>
    <entry Nt="2." Vn="0.00"  gamma="0.0"   npth="6" t1="X " t2="CT" t3="N " t4="X "/>
    <entry Nt="2." Vn="0.00"  gamma="0.0"   npth="6" t1="X " t2="CT" t3="N*" t4="X "/>
    <entry Nt="3." Vn="0.00"  gamma="0.0"   npth="6" t1="X " t2="CT" t3="N2" t4="X "/>
    <entry Nt="3." Vn="0.50"  gamma="0.0"   npth="3" t1="X " t2="CT" t3="OH" t4="X "/>
    <entry Nt="3." Vn="1.15"  gamma="0.0" npth="3" t1="X " t2="CT" t3="OS" t4="X "/>
    <entry Nt="3." Vn="0.75"  gamma="0.0" npth="3" t1="X " t2="OH" t3="P " t4="X "/>
    <entry Nt="3." Vn="0.75"  gamma="0.0" npth="3" t1="X " t2="OS" t3="P " t4="X "/>
    <entry Nt="2." Vn="10.00" gamma="180.0" npth="4" t1="X " t2="C " t3="N " t4="X "/>
    <entry Nt="3." Vn="1.40"  gamma="0.0" npth="9" t1="X " t2="CT" t3="N3" t4="X "/>
    <entry Nt="3." Vn="1.00"  gamma="0.0" npth="3" t1="X " t2="CT" t3="S " t4="X "/>
    <entry Nt="3." Vn="0.75"  gamma="0.0" npth="3" t1="X " t2="CT" t3="SH" t4="X "/>
    <entry Nt="2." Vn="6.70"  gamma="180.0" npth="4" t1="X " t2="C*" t3="CB" t4="X "/>
    <entry Nt="2." Vn="0.00"  gamma="0.0" npth="6" t1="X " t2="C*" t3="CT" t4="X "/>
    <entry Nt="2." Vn="26.10" gamma="180.0" npth="4" t1="X " t2="C*" t3="CW" t4="X "/>
    <entry Nt="2." Vn="14.50" gamma="180.0" npth="4" t1="X " t2="CA" t3="CN" t4="X "/>
    <entry Nt="2." Vn="12.00" gamma="180.0" npth="4" t1="X " t2="CB" t3="CN" t4="X "/>
    <entry Nt="2." Vn="0.00"  gamma="0.0" npth="6" t1="X " t2="CC" t3="CT" t4="X "/>
    <entry Nt="2." Vn="20.60" gamma="180.0" npth="4" t1="X " t2="CC" t3="CV" t4="X "/>
    <entry Nt="2." Vn="21.50" gamma="180.0" npth="4" t1="X " t2="CC" t3="CW" t4="X "/>
    <entry Nt="2." Vn="5.60"  gamma="180.0" npth="4" t1="X " t2="CC" t3="NA" t4="X "/>
    <entry Nt="2." Vn="4.80"  gamma="180.0" npth="2" t1="X " t2="CC" t3="NB" t4="X "/>
    <entry Nt="2." Vn="6.10"  gamma="180.0" npth="4" t1="X " t2="CN" t3="NA" t4="X "/>
    <entry Nt="2." Vn="9.30"  gamma="180.0" npth="4" t1="X " t2="CR" t3="NA" t4="X "/>
    <entry Nt="2." Vn="10.00" gamma="180.0" npth="2" t1="X " t2="CR" t3="NB" t4="X "/>
    <entry Nt="2." Vn="4.80"  gamma="180.0" npth="2" t1="X " t2="CV" t3="NB" t4="X "/>
    <entry Nt="2." Vn="6.00"  gamma="180.0" npth="4" t1="X " t2="CW" t3="NA" t4="X "/>
    <entry Nt="-3." Vn="0.383" gamma="0.0" npth="1" t1="CT" t2="CT" t3="OS" t4="CT"/>
    <entry Nt="2." Vn="0.1"   gamma="180.0" npth="1" t1="CT" t2="CT" t3="OS" t4="CT"/>
    <entry Nt="2." Vn="0.20"  gamma="180.0" npth="1" t1="C " t2="N " t3="CT" t4="C "/>
    <entry Nt="-4." Vn="0.40" gamma="180.0" npth="1" t1="N " t2="CT" t3="C " t4="N "/>
    <entry Nt="-2." Vn="1.35" gamma="180.0" npth="1" t1="N " t2="CT" t3="C " t4="N "/>
    <entry Nt="1." Vn="0.75"  gamma="180.0" npth="1" t1="N " t2="CT" t3="C " t4="N "/>
    <entry Nt="-4." Vn="0.50" gamma="180.0" npth="1" t1="CT" t2="CT" t3="N " t4="C "/>
    <entry Nt="-3." Vn="0.15" gamma="180.0" npth="1" t1="CT" t2="CT" t3="N " t4="C "/>
    <entry Nt="1." Vn="0.53"  gamma="0.0" npth="1" t1="CT" t2="CT" t3="N " t4="C "/>
    <entry Nt="-4." Vn="0.100" gamma="0.0" npth="1" t1="CT" t2="CT" t3="C " t4="N "/>
    <entry Nt="2." Vn="0.07"  gamma="0.0" npth="1" t1="CT" t2="CT" t3="C " t4="N "/>
    <entry Nt="-2." Vn="2.50" gamma="180.0" npth="1" t1="H " t2="N " t3="C " t4="O "/>
    <entry Nt="1." Vn="2.00"  gamma="0.0" npth="1" t1="H " t2="N " t3="C " t4="O "/>
    <entry Nt="-2." Vn="3.50" gamma="0.0" npth="1" t1="CT" t2="S " t3="S " t4="CT"/>
    <entry Nt="3." Vn="0.60"  gamma="0.0" npth="1" t1="CT" t2="S " t3="S " t4="CT"/>
    <entry Nt="-3." Vn="0.144" gamma="0.0" npth="1" t1="OS" t2="CT" t3="CT" t4="OS"/>
    <entry Nt="2." Vn="1.00"  gamma="0.0" npth="1" t1="OS" t2="CT" t3="CT" t4="OS"/>
    <entry Nt="-3." Vn="0.144" gamma="0.0" npth="1" t1="OS" t2="CT" t3="CT" t4="OH"/>
    <entry Nt="2." Vn="1.00"  gamma="0.0" npth="1" t1="OS" t2="CT" t3="CT" t4="OH"/>
    <entry Nt="-3." Vn="0.144" gamma="0.0" npth="1" t1="OH" t2="CT" t3="CT" t4="OH"/>
    <entry Nt="2." Vn="1.00"  gamma="0.0" npth="1" t1="OH" t2="CT" t3="CT" t4="OH"/>
    <entry Nt="-3." Vn="0.25" gamma="0.0" npth="1" t1="OH" t2="P " t3="OS" t4="CT"/>
    <entry Nt="2." Vn="1.20"  gamma="0.0" npth="1" t1="OH" t2="P " t3="OS" t4="CT"/>
    <entry Nt="-3." Vn="0.25" gamma="0.0" npth="1" t1="OS" t2="P " t3="OS" t4="CT"/>
    <entry Nt="2." Vn="1.20"  gamma="0.0" npth="1" t1="OS" t2="P " t3="OS" t4="CT"/>
    <entry Nt="-2." Vn="0.50" gamma="180.0" npth="1" t1="OS" t2="CT" t3="N*" t4="CK"/>
    <entry Nt="1." Vn="2.50"  gamma="0.0" npth="1" t1="OS" t2="CT" t3="N*" t4="CK"/>
    <entry Nt="-2." Vn="0.50" gamma="180.0" npth="1" t1="OS" t2="CT" t3="N*" t4="CM"/>
    <entry Nt="1." Vn="2.50"  gamma="0.0" npth="1" t1="OS" t2="CT" t3="N*" t4="CM"/>
  </bondTorsions>
  <bondImpropers>
    <entry Nt="2." Vn="10.5" gamma="180." t1="X " t2="X " t3="C " t4="O "/>
    <entry Nt="2." Vn="10.5" gamma="180." t1="X " t2="O2" t3="C " t4="O2"/>
    <entry Nt="2." Vn="1.0" gamma="180." t1="X " t2="X " t3="N " t4="H "/>
    <entry Nt="2." Vn="1.0" gamma="180." t1="X " t2="X " t3="N2" t4="H "/>
    <entry Nt="2." Vn="1.0" gamma="180." t1="X " t2="X " t3="NA" t4="H "/>
    <entry Nt="2." Vn="10.5" gamma="180." t1="X " t2="N2" t3="CA" t4="N2"/>
    <entry Nt="2." Vn="1.0" gamma="180." t1="X " t2="CT" t3="N " t4="CT"/>
    <entry Nt="2." Vn="1.1" gamma="180." t1="X " t2="X " t3="CA" t4="HA"/>
    <entry Nt="2." Vn="1.1" gamma="180." t1="X " t2="X " t3="CW" t4="H4"/>
    <entry Nt="2." Vn="1.1" gamma="180." t1="X " t2="X " t3="CR" t4="H5"/>
    <entry Nt="2." Vn="1.1" gamma="180." t1="X " t2="X " t3="CV" t4="H4"/>
    <entry Nt="2." Vn="1.1" gamma="180." t1="X " t2="X " t3="CQ" t4="H5"/>
    <entry Nt="2." Vn="1.1" gamma="180." t1="X " t2="X " t3="CK" t4="H5"/>
    <entry Nt="2." Vn="1.1" gamma="180." t1="X " t2="X " t3="CM" t4="H4"/>
    <entry Nt="2." Vn="1.1" gamma="180." t1="X " t2="X " t3="CM" t4="HA"/>
    <entry Nt="2." Vn="1.1" gamma="180." t1="X " t2="X " t3="CA" t4="H4"/>
    <entry Nt="2." Vn="1.1" gamma="180." t1="X " t2="X " t3="CA" t4="H5"/>
    <entry Nt="2." Vn="1.0" gamma="180." t1="CK" t2="CB" t3="N*" t4="CT"/>
    <entry Nt="2." Vn="1.0" gamma="180." t1="CM" t2="C " t3="N*" t4="CT"/>
    <entry Nt="2." Vn="1.1" gamma="180." t1="CM" t2="C " t3="CM" t4="CT"/>
    <entry Nt="2." Vn="10.5" gamma="180." t1="CT" t2="O " t3="C " t4="OH"/>
    <entry Nt="2." Vn="1.1" gamma="180." t1="NA" t2="CV" t3="CC" t4="CT"/>
    <entry Nt="2." Vn="1.1" gamma="180." t1="NB" t2="CW" t3="CC" t4="CT"/>
    <entry Nt="2." Vn="1.1" gamma="180." t1="NA" t2="CW" t3="CC" t4="CT"/>
    <entry Nt="2." Vn="1.1" gamma="180." t1="CW" t2="CB" t3="C*" t4="CT"/>
    <entry Nt="2." Vn="1.1" gamma="180." t1="CA" t2="CA" t3="CA" t4="CT"/>
    <entry Nt="2." Vn="1.1" gamma="180." t1="C " t2="CM" t3="CM" t4="CT"/>
    <entry Nt="2." Vn="1.1" gamma="180." t1="NC" t2="CM" t3="CA" t4="N2"/>
    <entry Nt="2." Vn="1.1" gamma="180." t1="CB" t2="NC" t3="CA" t4="N2"/>
    <entry Nt="2." Vn="1.1" gamma="180." t1="NA" t2="NC" t3="CA" t4="N2"/>
    <entry Nt="2." Vn="1.1" gamma="180." t1="CA" t2="CA" t3="C " t4="OH"/>
  </bondImpropers>
  <hbonds>
    <entry p10="0000." p12="0000." t1="HW" t2="OW"/>
  </hbonds>
  <equivalentAtoms>
    <entry org="N ">
      <equil equil="NA"/>
      <equil equil="N2"/>
      <equil equil="N*"/>
      <equil equil="NC"/>
      <equil equil="NB"/>
      <equil equil="N3"/>
      <equil equil="NP"/>
      <equil equil="NO"/>
    </entry>
    <entry org="C ">
      <equil equil="C*"/>
      <equil equil="CA"/>
      <equil equil="CB"/>
      <equil equil="CC"/>
      <equil equil="CN"/>
      <equil equil="CM"/>
      <equil equil="CK"/>
      <equil equil="CQ"/>
      <equil equil="CW"/>
      <equil equil="CV"/>
      <equil equil="CR"/>
      <equil equil="CA"/>
      <equil equil="CX"/>
      <equil equil="CY"/>
      <equil equil="CD"/>
    </entry>
  </equivalentAtoms>
  <LJ612>
    <entry potentialWellDepth="0.0157" t1="H " vdwRadius="0.5904"/>
    <entry potentialWellDepth="0.000000" t1="HO" vdwRadius="0.0000"/>
    <entry potentialWellDepth="0.015700" t1="HS" vdwRadius="0.5917"/>
    <entry potentialWellDepth="0.015700" t1="HC" vdwRadius="1.4387"/>
    <entry potentialWellDepth="0.015700" t1="H1" vdwRadius="1.3783"/>
    <entry potentialWellDepth="0.015700" t1="H2" vdwRadius="1.2916"/>
    <entry potentialWellDepth="0.015700" t1="H3" vdwRadius="1.1839"/>
    <entry potentialWellDepth="0.015700" t1="HP" vdwRadius="1.0977"/>
    <entry potentialWellDepth="0.015000" t1="HA" vdwRadius="1.4525"/>
    <entry potentialWellDepth="0.015000" t1="H4" vdwRadius="1.4083"/>
    <entry potentialWellDepth="0.015000" t1="H5" vdwRadius="1.3618"/>
    <entry potentialWellDepth="0.000000" t1="HW" vdwRadius="0.0000"/>
    <entry potentialWellDepth="0.210000" t1="O " vdwRadius="1.6462"/>
    <entry potentialWellDepth="0.210000" t1="O2" vdwRadius="1.6385"/>
    <entry potentialWellDepth="0.152100" t1="OW" vdwRadius="1.7682"/>
    <entry potentialWellDepth="0.210400" t1="OH" vdwRadius="1.7148"/>
    <entry potentialWellDepth="0.170000" t1="OS" vdwRadius="1.6776"/>
    <entry potentialWellDepth="0.109400" t1="CT" vdwRadius="1.9138"/>
    <entry potentialWellDepth="0.086000" t1="CA" vdwRadius="1.9076"/>
    <entry potentialWellDepth="0.086000" t1="CM" vdwRadius="1.9151"/>
    <entry potentialWellDepth="0.086000" t1="C " vdwRadius="1.9153"/>
    <entry potentialWellDepth="0.170000" t1="N " vdwRadius="1.8128"/>
    <entry potentialWellDepth="0.170000" t1="N3" vdwRadius="1.8259"/>
    <entry potentialWellDepth="0.250000" t1="S " vdwRadius="2.0072"/>
    <entry potentialWellDepth="0.250000" t1="SH" vdwRadius="1.9893"/>
    <entry potentialWellDepth="0.200000" t1="P " vdwRadius="2.1000"/>
    <entry potentialWellDepth="0.100000" t1="IM" vdwRadius="2.4700"/>
    <entry potentialWellDepth="0.018300" t1="Li" vdwRadius="1.1370"/>
    <entry potentialWellDepth="0.002770" t1="IP" vdwRadius="1.8680"/>
    <entry potentialWellDepth="0.000328" t1="K " vdwRadius="2.6580"/>
    <entry potentialWellDepth="0.000170" t1="Rb" vdwRadius="2.9560"/>
    <entry potentialWellDepth="0.000080" t1="Cs" vdwRadius="3.3950"/>
    <entry potentialWellDepth="0.400000" t1="I " vdwRadius="2.3500"/>
    <entry potentialWellDepth="0.061000" t1="F " vdwRadius="1.7500"/>
    <entry potentialWellDepth="0.100000" t1="IB" vdwRadius="5.0000"/>
    <entry potentialWellDepth="0.000000" t1="EP" vdwRadius="0.0000"/>
  </LJ612>
</parms>
