<?xml version="1.0" encoding="UTF-8" standalone="no" ?>
<stdLib>
  <group identity="3MemRings">
    <fragment code="3MR00CPP" identity="cyclopropyl" symbol="CPP" type="l">
      <atom atmCharge="0" bKind="0" bTop="2" bType="1" bond12="-1" bond13="-2" bond14="-3" bondAngle="111.208" bondLength="1.54" bondTorsion="180" chain="M" identity=" C  " index="1" kind="5" type="cx"/>
      <atom atmCharge="0" bKind="0" bTop="1" bType="1" bond12="1" bond13="-1" bond14="-2" bondAngle="33.552" bondLength="1.49744" bondTorsion="-70.332" chain="B" identity=" C2 " index="2" kind="5" type="cx"/>
      <atom atmCharge="0" bKind="0" bTop="0" bType="1" bond12="2" bond13="1" bond14="-1" bondAngle="118.113" bondLength="1.07582" bondTorsion="14.759" chain="E" identity=" H4 " index="3" kind="1" type="hc"/>
      <atom atmCharge="0" bKind="0" bTop="0" bType="1" bond12="2" bond13="1" bond14="-1" bondAngle="118.139" bondLength="1.07581" bondTorsion="-178.898" chain="E" identity=" H5 " index="4" kind="1" type="hc"/>
      <atom atmCharge="0" bKind="0" bTop="0" bType="1" bond12="1" bond13="-1" bond14="-2" bondAngle="141.449" bondLength="1.07587" bondTorsion="-47.981" chain="E" identity=" H1 " index="5" kind="1" type="hc"/>
      <atom atmCharge="0" bKind="0" bTop="1" bType="1" bond12="1" bond13="-1" bond14="-2" bondAngle="56.306" bondLength="1.49743" bondTorsion="-153.861" chain="M" identity=" C1 " index="6" kind="5" type="cx"/>
      <atom atmCharge="0" bKind="0" bTop="0" bType="1" bond12="6" bond13="1" bond14="-1" bondAngle="118.131" bondLength="1.07584" bondTorsion="-80.19" chain="E" identity=" H2 " index="7" kind="1" type="hc"/>
      <atom atmCharge="0" bKind="0" bTop="0" bType="1" bond12="6" bond13="1" bond14="-1" bondAngle="118.133" bondLength="1.07585" bondTorsion="159.809" chain="E" identity=" H3 " index="8" kind="1" type="hc"/>
      <loop Atom1="6" Atom2="2" bStereo="0" bType="1"/>
      <ring aromatic="0" atoms="1 2 3 " hetero="0" nHetero="0" nNitrogen="0" nOxygen="0" nSulfur="0" planar="0" size="3"/>
      <connectionPoints atoms="1 "/>
    </fragment>
    <fragment code="3MR00AZI" identity="1,2,2,3,3-aziridine" symbol="AZI" type="l">
      <atom atmCharge="-0.22389" bKind="0" bTop="2" bType="1" bond12="-1" bond13="-2" bond14="-3" bondAngle="111.208" bondLength="1.54" bondTorsion="180" chain="M" identity=" N  " index="1" kind="5" type="n3"/>
      <atom atmCharge="0.11195" bKind="0" bTop="1" bType="1" bond12="1" bond13="-1" bond14="-2" bondAngle="56.306" bondLength="1.44901" bondTorsion="-153.861" chain="B" identity=" C1 " index="2" kind="5" type="cx"/>
      <atom atmCharge="0.11195" bKind="0" bTop="1" bType="1" bond12="1" bond13="-1" bond14="-2" bondAngle="33.552" bondLength="1.44906" bondTorsion="-70.332" chain="M" identity=" C  " index="3" kind="5" type="cx"/>
      <loop Atom1="3" Atom2="2" bStereo="0" bType="1"/>
      <ring aromatic="0" atoms="1 2 3 " hetero="1" nHetero="1" nNitrogen="1" nOxygen="0" nSulfur="0" planar="0" size="3"/>
      <feature atoms="1 " identity="HBA"/>
      <connectionPoints atoms="1 3 2 "/>
    </fragment>
    <fragment code="3MR00EPO" identity="2,2,3,3-epoxide" symbol="EPO" type="l">
      <atom atmCharge="0.20003" bKind="0" bTop="2" bType="1" bond12="-1" bond13="-2" bond14="-3" bondAngle="111.208" bondLength="1.54" bondTorsion="180" chain="M" identity=" C  " index="1" kind="5" type="cx"/>
      <atom atmCharge="-0.40007" bKind="0" bTop="1" bType="1" bond12="1" bond13="-1" bond14="-2" bondAngle="123.694" bondLength="1.4015" bondTorsion="26.139" chain="E" identity=" O  " index="2" kind="5" type="os"/>
      <atom atmCharge="0.20003" bKind="0" bTop="1" bType="1" bond12="1" bond13="-1" bond14="-2" bondAngle="74.434" bondLength="1.45261" bondTorsion="-8.777" chain="M" identity=" C1 " index="3" kind="5" type="cx"/>
      <loop Atom1="3" Atom2="2" bStereo="0" bType="1"/>
      <ring aromatic="0" atoms="1 2 3 " hetero="1" nHetero="1" nNitrogen="0" nOxygen="1" nSulfur="0" planar="0" size="3"/>
      <feature atoms="1 " identity="HBA"/>
      <connectionPoints atoms="1 3 "/>
    </fragment>
    <fragment code="3MR00TII" identity="2,2,3,3-thiirane" symbol="TII" type="l">
      <atom atmCharge="0.14647" bKind="0" bTop="2" bType="1" bond12="-1" bond13="-2" bond14="-3" bondAngle="111.208" bondLength="1.54" bondTorsion="180" chain="M" identity=" C  " index="1" kind="5" type="cx"/>
      <atom atmCharge="-0.29295" bKind="0" bTop="1" bType="1" bond12="1" bond13="-1" bond14="-2" bondAngle="123.694" bondLength="1.81154" bondTorsion="26.139" chain="E" identity=" S  " index="2" kind="5" type="ss"/>
      <atom atmCharge="0.14647" bKind="0" bTop="1" bType="1" bond12="1" bond13="-1" bond14="-2" bondAngle="74.434" bondLength="1.47308" bondTorsion="-8.777" chain="M" identity=" C1 " index="3" kind="5" type="cx"/>
      <loop Atom1="3" Atom2="2" bStereo="0" bType="1"/>
      <ring aromatic="0" atoms="1 2 3 " hetero="1" nHetero="1" nNitrogen="0" nOxygen="0" nSulfur="1" planar="0" size="3"/>
      <feature atoms="1 " identity="HBA"/>
      <connectionPoints atoms="1 3 "/>
    </fragment>
  </group>
</stdLib>
