<?xml version="1.0" encoding="UTF-8" standalone="no" ?>
<stdLib>
  <group identity="4MemRings">
    <fragment code="4MR00CBT" identity="cyclobutane" symbol="CBT" type="l">
      <atom atmCharge="-0.04412" bKind="0" bTop="2" bType="1" bond12="-1" bond13="-2" bond14="-3" bondAngle="111.208" bondLength="1.54" bondTorsion="180" chain="M" identity=" C2 " index="1" kind="5" type="cy"/>
      <atom atmCharge="-0.12541" bKind="0" bTop="1" bType="1" bond12="1" bond13="-1" bond14="-2" bondAngle="57.196" bondLength="1.54688" bondTorsion="2.825" chain="3" identity=" C4 " index="2" kind="5" type="cy"/>
      <atom atmCharge="-0.05289" bKind="0" bTop="1" bType="1" bond12="2" bond13="1" bond14="-1" bondAngle="88.6211" bondLength="1.54412" bondTorsion="69.921" chain="3" identity=" C5 " index="3" kind="5" type="cy"/>
      <atom atmCharge="0.03122" bKind="0" bTop="0" bType="1" bond12="3" bond13="2" bond14="1" bondAngle="117.64" bondLength="1.08388" bondTorsion="139.347" chain="E" identity=" H14" index="4" kind="1" type="hc"/>
      <atom atmCharge="0.03122" bKind="0" bTop="0" bType="1" bond12="3" bond13="2" bond14="1" bondAngle="111.8" bondLength="1.08478" bondTorsion="-94.1133" chain="E" identity=" H15" index="5" kind="1" type="hc"/>
      <atom atmCharge="0.05474" bKind="0" bTop="0" bType="1" bond12="2" bond13="1" bond14="-1" bondAngle="117.779" bondLength="1.08451" bondTorsion="-52.085" chain="E" identity=" H12" index="6" kind="1" type="hc"/>
      <atom atmCharge="0.05474" bKind="0" bTop="0" bType="1" bond12="2" bond13="1" bond14="-1" bondAngle="111.373" bondLength="1.08615" bondTorsion="-178.369" chain="E" identity=" H13" index="7" kind="1" type="hc"/>
      <atom atmCharge="0.06643" bKind="0" bTop="0" bType="1" bond12="1" bond13="-1" bond14="-2" bondAngle="54.457" bondLength="1.08707" bondTorsion="-156.507" chain="E" identity=" H8 " index="8" kind="1" type="hc"/>
      <atom atmCharge="-0.12541" bKind="0" bTop="1" bType="1" bond12="1" bond13="-1" bond14="-2" bondAngle="90" bondLength="1.54688" bondTorsion="90" chain="M" identity=" C1 " index="9" kind="5" type="cy"/>
      <atom atmCharge="0.05474" bKind="0" bTop="0" bType="1" bond12="9" bond13="1" bond14="-1" bondAngle="111.373" bondLength="1.08615" bondTorsion="-147.238" chain="E" identity=" H6 " index="10" kind="1" type="hc"/>
      <atom atmCharge="0.05474" bKind="0" bTop="0" bType="1" bond12="9" bond13="1" bond14="-1" bondAngle="117.779" bondLength="1.08451" bondTorsion="86.424" chain="E" identity=" H7 " index="11" kind="1" type="hc"/>
      <loop Atom1="9" Atom2="3" bStereo="0" bType="1"/>
      <ring aromatic="0" atoms="1 2 4 5 " hetero="0" nHetero="0" nNitrogen="0" nOxygen="0" nSulfur="0" planar="0" size="4"/>
      <connectionPoints atoms="1 "/>
    </fragment>
    <fragment code="4MR001BT" identity="1,1-cyclobutane" symbol="1BT" type="l">
      <atom atmCharge="0" bKind="0" bTop="2" bType="1" bond12="-1" bond13="-2" bond14="-3" bondAngle="111.208" bondLength="1.54" bondTorsion="180" chain="M" identity=" C  " index="1" kind="5" type="cy"/>
      <atom atmCharge="0" bKind="0" bTop="1" bType="1" bond12="1" bond13="-1" bond14="-2" bondAngle="90" bondLength="1.54531" bondTorsion="90" chain="3" identity=" C3 " index="2" kind="5" type="cy"/>
      <atom atmCharge="0" bKind="0" bTop="1" bType="1" bond12="2" bond13="1" bond14="-1" bondAngle="88.536" bondLength="1.54535" bondTorsion="-35.546" chain="B" identity=" C2 " index="3" kind="5" type="cy"/>
      <atom atmCharge="0" bKind="0" bTop="0" bType="1" bond12="3" bond13="2" bond14="1" bondAngle="117.705" bondLength="1.08408" bondTorsion="-138.973" chain="E" identity=" H6 " index="4" kind="1" type="hc"/>
      <atom atmCharge="0" bKind="0" bTop="0" bType="1" bond12="3" bond13="2" bond14="1" bondAngle="111.669" bondLength="1.08498" bondTorsion="94.5903" chain="E" identity=" H7 " index="5" kind="1" type="hc"/>
      <atom atmCharge="0" bKind="0" bTop="0" bType="1" bond12="2" bond13="1" bond14="-1" bondAngle="111.663" bondLength="1.08495" bondTorsion="-147.238" chain="E" identity=" H1 " index="6" kind="1" type="hc"/>
      <atom atmCharge="0" bKind="0" bTop="0" bType="1" bond12="2" bond13="1" bond14="-1" bondAngle="117.7" bondLength="1.08408" bondTorsion="86.424" chain="E" identity=" H2 " index="7" kind="1" type="hc"/>
      <atom atmCharge="0" bKind="0" bTop="1" bType="1" bond12="1" bond13="-1" bond14="-2" bondAngle="57.195" bondLength="1.5453" bondTorsion="2.781" chain="M" identity=" C1 " index="8" kind="5" type="cy"/>
      <atom atmCharge="0" bKind="0" bTop="0" bType="1" bond12="8" bond13="1" bond14="-1" bondAngle="117.7" bondLength="1.08408" bondTorsion="-52.057" chain="E" identity=" H4 " index="9" kind="1" type="hc"/>
      <atom atmCharge="0" bKind="0" bTop="0" bType="1" bond12="8" bond13="1" bond14="-1" bondAngle="111.663" bondLength="1.08496" bondTorsion="-178.406" chain="E" identity=" H5 " index="10" kind="1" type="hc"/>
      <loop Atom1="8" Atom2="3" bStereo="0" bType="1"/>
      <ring aromatic="0" atoms="2 3 4 5 " hetero="0" nHetero="0" nNitrogen="0" nOxygen="0" nSulfur="0" planar="0" size="4"/>
      <connectionPoints atoms="1 "/>
    </fragment>
    <fragment code="4MR002BT" identity="1,1,2,2,3,3,4,4-cyclobutane" symbol="2BT" type="l">
      <atom atmCharge="0" bKind="0" bTop="2" bType="1" bond12="-1" bond13="-2" bond14="-3" bondAngle="111.208" bondLength="1.54" bondTorsion="180" chain="M" identity=" C  " index="1" kind="5" type="cy"/>
      <atom atmCharge="0" bKind="0" bTop="1" bType="1" bond12="1" bond13="-1" bond14="-2" bondAngle="90" bondLength="1.54531" bondTorsion="90" chain="3" identity=" C3 " index="2" kind="5" type="cy"/>
      <atom atmCharge="0" bKind="0" bTop="1" bType="1" bond12="2" bond13="1" bond14="-1" bondAngle="88.536" bondLength="1.54535" bondTorsion="-35.546" chain="B" identity=" C2 " index="3" kind="5" type="cy"/>
      <atom atmCharge="0" bKind="0" bTop="1" bType="1" bond12="1" bond13="-1" bond14="-2" bondAngle="57.195" bondLength="1.5453" bondTorsion="2.781" chain="M" identity=" C1 " index="4" kind="5" type="cy"/>
      <loop Atom1="4" Atom2="3" bStereo="0" bType="1"/>
      <ring aromatic="0" atoms="2 3 4 5 " hetero="0" nHetero="0" nNitrogen="0" nOxygen="0" nSulfur="0" planar="0" size="4"/>
      <connectionPoints atoms="1 4 3 2 "/>
    </fragment>
    <fragment code="4MR004BT" identity="2,2,3,3,4,4-cyclobutan-1-one" symbol="4BT" type="l">
      <atom atmCharge="-0.02879" bKind="0" bTop="2" bType="1" bond12="-1" bond13="-2" bond14="-3" bondAngle="111.208" bondLength="1.54" bondTorsion="180" chain="M" identity=" C  " index="1" kind="5" type="cy"/>
      <atom atmCharge="0.03966" bKind="0" bTop="1" bType="1" bond12="1" bond13="-1" bond14="-2" bondAngle="90" bondLength="1.55339" bondTorsion="-90" chain="3" identity=" C3 " index="2" kind="5" type="cy"/>
      <atom atmCharge="0.4889" bKind="0" bTop="1" bType="1" bond12="2" bond13="1" bond14="-1" bondAngle="88.3361" bondLength="1.527" bondTorsion="-144.454" chain="S" identity=" C2 " index="3" kind="5" type="c"/>
      <atom atmCharge="-0.53944" bKind="0" bTop="2" bType="2" bond12="3" bond13="2" bond14="1" bondAngle="133.662" bondLength="1.18122" bondTorsion="179.989" chain="E" identity=" O  " index="4" kind="2" type="o"/>
      <atom atmCharge="0.03966" bKind="0" bTop="1" bType="1" bond12="1" bond13="-1" bond14="-2" bondAngle="165.863" bondLength="1.55339" bondTorsion="-170.388" chain="M" identity=" C1 " index="5" kind="5" type="cy"/>
      <loop Atom1="5" Atom2="3" bStereo="0" bType="1"/>
      <improper Atom1="2" Atom2="5" Atom3="3" Atom4="4"/>
      <ring aromatic="0" atoms="1 2 3 5 " hetero="0" nHetero="0" nNitrogen="0" nOxygen="0" nSulfur="0" planar="0" size="4"/>
      <feature atoms="4 " identity="HBA"/>
      <connectionPoints atoms="1 5 2 "/>
    </fragment>
    <fragment code="4MR004BX" identity="2,2,3,3,4,4-azetidine" symbol="4BX" type="l">
      <atom atmCharge="-0.00988" bKind="0" bTop="2" bType="1" bond12="-1" bond13="-2" bond14="-3" bondAngle="111.208" bondLength="1.54" bondTorsion="180" chain="M" identity=" C  " index="1" kind="5" type="cy"/>
      <atom atmCharge="0.19807" bKind="0" bTop="1" bType="1" bond12="1" bond13="-1" bond14="-2" bondAngle="90" bondLength="1.53988" bondTorsion="-90" chain="3" identity=" C2 " index="2" kind="5" type="cy"/>
      <atom atmCharge="-0.71903" bKind="0" bTop="1" bType="1" bond12="2" bond13="1" bond14="-1" bondAngle="88.73" bondLength="1.46724" bondTorsion="-144.454" chain="S" identity=" N  " index="3" kind="5" type="n3"/>
      <atom atmCharge="0.33278" bKind="0" bTop="0" bType="1" bond12="3" bond13="2" bond14="1" bondAngle="116.377" bondLength="1.00034" bondTorsion="-138.69" chain="E" identity=" H  " index="4" kind="1" type="hn"/>
      <atom atmCharge="0.19807" bKind="0" bTop="1" bType="1" bond12="1" bond13="-1" bond14="-2" bondAngle="165.863" bondLength="1.53989" bondTorsion="-170.388" chain="M" identity=" C1 " index="5" kind="5" type="cy"/>
      <loop Atom1="5" Atom2="3" bStereo="0" bType="1"/>
      <ring aromatic="0" atoms="1 2 3 5 " hetero="1" nHetero="1" nNitrogen="1" nOxygen="0" nSulfur="0" planar="0" size="4"/>
      <feature atoms="3 " identity="HBD"/>
      <connectionPoints atoms="1 5 2 "/>
    </fragment>
    <fragment code="4MR004BO" identity="3,3,4,4-beta-lactone" symbol="4BO" type="l">
      <atom atmCharge="0.29509" bKind="0" bTop="2" bType="1" bond12="-1" bond13="-2" bond14="-3" bondAngle="111.208" bondLength="1.54" bondTorsion="180" chain="M" identity=" C  " index="1" kind="5" type="cy"/>
      <atom atmCharge="-0.45988" bKind="0" bTop="1" bType="1" bond12="1" bond13="-1" bond14="-2" bondAngle="90" bondLength="1.43783" bondTorsion="90" chain="S" identity=" O  " index="2" kind="5" type="os"/>
      <atom atmCharge="0.70842" bKind="0" bTop="1" bType="1" bond12="2" bond13="1" bond14="-1" bondAngle="93.1232" bondLength="1.34346" bondTorsion="166.054" chain="S" identity=" C2 " index="3" kind="5" type="c"/>
      <atom atmCharge="-0.55266" bKind="0" bTop="2" bType="2" bond12="3" bond13="2" bond14="1" bondAngle="128.412" bondLength="1.17195" bondTorsion="-179.995" chain="E" identity=" O1 " index="4" kind="2" type="o"/>
      <atom atmCharge="0.00902" bKind="0" bTop="1" bType="1" bond12="1" bond13="-1" bond14="-2" bondAngle="144.41" bondLength="1.53309" bondTorsion="176.742" chain="M" identity=" C1 " index="5" kind="5" type="cy"/>
      <loop Atom1="5" Atom2="3" bStereo="0" bType="1"/>
      <improper Atom1="5" Atom2="4" Atom3="3" Atom4="2"/>
      <ring aromatic="0" atoms="1 2 3 4 " hetero="1" nHetero="1" nNitrogen="0" nOxygen="1" nSulfur="0" planar="0" size="4"/>
      <feature atoms="1 " identity="HBA"/>
      <feature atoms="4 " identity="HBA"/>
      <connectionPoints atoms="1 5 "/>
    </fragment>
    <fragment code="4MR004BA" identity="3,3,4,4-beta-lactam" symbol="4BA" type="l">
      <atom atmCharge="0.18353" bKind="0" bTop="2" bType="1" bond12="-1" bond13="-2" bond14="-3" bondAngle="111.208" bondLength="1.54" bondTorsion="180" chain="M" identity=" C  " index="1" kind="5" type="cy"/>
      <atom atmCharge="-0.59681" bKind="0" bTop="1" bType="1" bond12="1" bond13="-1" bond14="-2" bondAngle="90" bondLength="1.45541" bondTorsion="90" chain="B" identity=" N  " index="2" kind="5" type="n"/>
      <atom atmCharge="0.60263" bKind="0" bTop="1" bType="1" bond12="2" bond13="1" bond14="-1" bondAngle="96.2213" bondLength="1.35752" bondTorsion="166.054" chain="S" identity=" C2 " index="3" kind="5" type="c"/>
      <atom atmCharge="-0.58374" bKind="0" bTop="2" bType="2" bond12="3" bond13="2" bond14="1" bondAngle="132.968" bondLength="1.18631" bondTorsion="179.99" chain="E" identity=" O  " index="4" kind="2" type="o"/>
      <atom atmCharge="0.35241" bKind="0" bTop="0" bType="1" bond12="2" bond13="1" bond14="-1" bondAngle="132.811" bondLength="0.995966" bondTorsion="-13.977" chain="E" identity=" H4 " index="5" kind="1" type="hn"/>
      <atom atmCharge="0.04198" bKind="0" bTop="1" bType="1" bond12="1" bond13="-1" bond14="-2" bondAngle="144.41" bondLength="1.5492" bondTorsion="176.742" chain="M" identity=" C1 " index="6" kind="5" type="cy"/>
      <loop Atom1="6" Atom2="3" bStereo="0" bType="1"/>
      <improper Atom1="6" Atom2="2" Atom3="3" Atom4="4"/>
      <ring aromatic="0" atoms="1 2 3 5 " hetero="1" nHetero="1" nNitrogen="1" nOxygen="0" nSulfur="0" planar="0" size="4"/>
      <feature atoms="4 " identity="HBA"/>
      <feature atoms="5 " identity="HBD"/>
      <connectionPoints atoms="1 6 "/>
    </fragment>
    <fragment code="4MR004BI" identity="3,3,4,4-beta-lactim" symbol="4BI" type="l">
      <atom atmCharge="0.24505" bKind="0" bTop="2" bType="1" bond12="-1" bond13="-2" bond14="-3" bondAngle="111.208" bondLength="1.54" bondTorsion="180" chain="M" identity=" C  " index="1" kind="5" type="cy"/>
      <atom atmCharge="-0.62577" bKind="0" bTop="1" bType="1" bond12="1" bond13="-1" bond14="-2" bondAngle="90" bondLength="1.47846" bondTorsion="-90" chain="S" identity=" N  " index="2" kind="5" type="n2"/>
      <atom atmCharge="0.63474" bKind="0" bTop="1" bType="2" bond12="2" bond13="1" bond14="-1" bondAngle="90.2332" bondLength="1.25736" bondTorsion="13.946" chain="S" identity=" C1 " index="3" kind="5" type="cv"/>
      <atom atmCharge="-0.61845" bKind="0" bTop="2" bType="1" bond12="3" bond13="2" bond14="1" bondAngle="127.158" bondLength="1.32723" bondTorsion="179.999" chain="S" identity=" O  " index="4" kind="2" type="oh"/>
      <atom atmCharge="0.42391" bKind="0" bTop="0" bType="1" bond12="4" bond13="3" bond14="2" bondAngle="110.72" bondLength="0.946922" bondTorsion="179.985" chain="E" identity=" H4 " index="5" kind="1" type="ho"/>
      <atom atmCharge="-0.05949" bKind="0" bTop="1" bType="1" bond12="1" bond13="-1" bond14="-2" bondAngle="7.876" bondLength="1.55118" bondTorsion="-166.03" chain="M" identity=" C2 " index="6" kind="5" type="cy"/>
      <loop Atom1="6" Atom2="3" bStereo="0" bType="1"/>
      <improper Atom1="6" Atom2="2" Atom3="3" Atom4="4"/>
      <ring aromatic="0" atoms="1 2 3 5 " hetero="1" nHetero="1" nNitrogen="1" nOxygen="0" nSulfur="0" planar="0" size="4"/>
      <feature atoms="2 " identity="HBA"/>
      <feature atoms="4 " identity="HBA"/>
      <feature atoms="4 " identity="HBD"/>
      <connectionPoints atoms="1 6 "/>
    </fragment>
    <fragment code="4MR00OTE" identity="2,2,3,3,4,4-oxetane" symbol="OTE" type="l">
      <atom atmCharge="-0.03871" bKind="0" bTop="2" bType="1" bond12="-1" bond13="-2" bond14="-3" bondAngle="111.208" bondLength="1.54" bondTorsion="180" chain="M" identity=" C  " index="1" kind="5" type="cy"/>
      <atom atmCharge="0.27333" bKind="0" bTop="1" bType="1" bond12="1" bond13="-1" bond14="-2" bondAngle="165.863" bondLength="1.53669" bondTorsion="-170.388" chain="3" identity=" C2 " index="2" kind="5" type="cy"/>
      <atom atmCharge="-0.50794" bKind="0" bTop="1" bType="1" bond12="2" bond13="1" bond14="-1" bondAngle="91.6503" bondLength="1.41875" bondTorsion="59.078" chain="E" identity=" O  " index="3" kind="5" type="os"/>
      <atom atmCharge="0.27333" bKind="0" bTop="1" bType="1" bond12="1" bond13="-1" bond14="-2" bondAngle="90" bondLength="1.53669" bondTorsion="-90" chain="M" identity=" C1 " index="4" kind="5" type="cy"/>
      <loop Atom1="4" Atom2="3" bStereo="0" bType="1"/>
      <ring aromatic="0" atoms="1 2 3 4 " hetero="1" nHetero="1" nNitrogen="0" nOxygen="1" nSulfur="0" planar="0" size="4"/>
      <feature atoms="3 " identity="HBA"/>
      <connectionPoints atoms="1 4 2 "/>
    </fragment>
  </group>
</stdLib>
